score;completeness;rescuebot_action;rescuebot_location;rafa_action;rafa_location;world_nr;tick_nr
0;0.0;;(22, 11);;(22, 12);1;0
0;0.0;;(22, 11);;(22, 12);1;1
0;0.0;;(22, 11);;(22, 12);1;2
0;0.0;;(22, 11);;(22, 12);1;3
0;0.0;;(22, 11);;(22, 12);1;4
0;0.0;;(22, 11);;(22, 12);1;5
0;0.0;;(22, 11);;(22, 12);1;6
0;0.0;;(22, 11);;(22, 12);1;7
0;0.0;;(22, 11);;(22, 12);1;8
0;0.0;;(22, 11);;(22, 12);1;9
0;0.0;;(22, 11);;(22, 12);1;10
0;0.0;;(22, 11);;(22, 12);1;11
0;0.0;;(22, 11);;(22, 12);1;12
0;0.0;;(22, 11);;(22, 12);1;13
0;0.0;;(22, 11);;(22, 12);1;14
0;0.0;;(22, 11);;(22, 12);1;15
0;0.0;;(22, 11);;(22, 12);1;16
0;0.0;;(22, 11);;(22, 12);1;17
0;0.0;;(22, 11);;(22, 12);1;18
0;0.0;;(22, 11);;(22, 12);1;19
0;0.0;;(22, 11);;(22, 12);1;20
0;0.0;;(22, 11);;(22, 12);1;21
0;0.0;;(22, 11);;(22, 12);1;22
0;0.0;;(22, 11);;(22, 12);1;23
0;0.0;;(22, 11);;(22, 12);1;24
0;0.0;;(22, 11);;(22, 12);1;25
0;0.0;;(22, 11);;(22, 12);1;26
0;0.0;;(22, 11);;(22, 12);1;27
0;0.0;;(22, 11);;(22, 12);1;28
0;0.0;;(22, 11);;(22, 12);1;29
0;0.0;;(22, 11);;(22, 12);1;30
0;0.0;;(22, 11);;(22, 12);1;31
0;0.0;;(22, 11);;(22, 12);1;32
0;0.0;;(22, 11);MoveWest;(21, 12);1;33
0;0.0;;(22, 11);;(21, 12);1;34
0;0.0;;(22, 11);;(21, 12);1;35
0;0.0;;(22, 11);;(21, 12);1;36
0;0.0;;(22, 11);;(21, 12);1;37
0;0.0;;(22, 11);;(21, 12);1;38
0;0.0;;(22, 11);MoveWest;(20, 12);1;39
0;0.0;MoveNorth;(22, 11);;(20, 12);1;40
0;0.0;MoveNorth;(22, 11);MoveWest;(19, 12);1;41
0;0.0;MoveNorth;(22, 11);;(19, 12);1;42
0;0.0;MoveNorth;(22, 11);MoveWest;(18, 12);1;43
0;0.0;MoveNorth;(22, 11);;(18, 12);1;44
0;0.0;MoveNorth;(22, 11);MoveWest;(18, 12);1;45
0;0.0;MoveNorth;(22, 11);MoveWest;(18, 12);1;46
0;0.0;MoveNorth;(22, 11);MoveWest;(18, 12);1;47
0;0.0;MoveNorth;(22, 10);MoveWest;(18, 12);1;48
0;0.0;MoveNorth;(22, 10);MoveWest;(18, 12);1;49
0;0.0;MoveNorth;(22, 10);MoveWest;(17, 12);1;50
0;0.0;MoveNorth;(22, 10);;(17, 12);1;51
0;0.0;MoveNorth;(22, 10);;(17, 12);1;52
0;0.0;MoveNorth;(22, 10);;(17, 12);1;53
0;0.0;MoveNorth;(22, 10);;(17, 12);1;54
0;0.0;MoveNorth;(22, 10);;(17, 12);1;55
0;0.0;MoveNorth;(22, 10);;(17, 12);1;56
0;0.0;MoveNorth;(22, 9);;(17, 12);1;57
0;0.0;MoveNorth;(22, 9);;(17, 12);1;58
0;0.0;MoveNorth;(22, 9);;(17, 12);1;59
0;0.0;MoveNorth;(22, 9);;(17, 12);1;60
0;0.0;MoveNorth;(22, 9);;(17, 12);1;61
0;0.0;MoveNorth;(22, 9);MoveEast;(18, 12);1;62
0;0.0;MoveNorth;(22, 9);;(18, 12);1;63
0;0.0;MoveNorth;(22, 9);;(18, 12);1;64
0;0.0;MoveNorth;(22, 9);;(18, 12);1;65
0;0.0;MoveNorth;(22, 8);;(18, 12);1;66
0;0.0;MoveNorth;(22, 8);;(18, 12);1;67
0;0.0;MoveNorth;(22, 8);;(18, 12);1;68
0;0.0;MoveNorth;(22, 8);MoveEast;(18, 12);1;69
0;0.0;MoveNorth;(22, 8);MoveEast;(18, 12);1;70
0;0.0;MoveNorth;(22, 8);MoveEast;(18, 12);1;71
0;0.0;MoveNorth;(22, 8);MoveEast;(18, 12);1;72
0;0.0;MoveNorth;(22, 8);MoveEast;(18, 12);1;73
0;0.0;MoveNorth;(22, 8);MoveEast;(19, 12);1;74
0;0.0;MoveNorth;(22, 7);;(19, 12);1;75
0;0.0;MoveNorthWest;(22, 7);;(19, 12);1;76
0;0.0;MoveNorthWest;(22, 7);;(19, 12);1;77
0;0.0;MoveNorthWest;(22, 7);;(19, 12);1;78
0;0.0;MoveNorthWest;(22, 7);;(19, 12);1;79
0;0.0;MoveNorthWest;(22, 7);;(19, 12);1;80
0;0.0;MoveNorthWest;(22, 7);;(19, 12);1;81
0;0.0;MoveNorthWest;(22, 7);;(19, 12);1;82
0;0.0;MoveNorthWest;(22, 7);MoveNorth;(19, 11);1;83
0;0.0;MoveNorthWest;(21, 6);;(19, 11);1;84
0;0.0;MoveNorth;(21, 6);;(19, 11);1;85
0;0.0;MoveNorth;(21, 6);;(19, 11);1;86
0;0.0;MoveNorth;(21, 6);;(19, 11);1;87
0;0.0;MoveNorth;(21, 6);;(19, 11);1;88
0;0.0;MoveNorth;(21, 6);;(19, 11);1;89
0;0.0;MoveNorth;(21, 6);MoveNorth;(19, 10);1;90
0;0.0;MoveNorth;(21, 6);;(19, 10);1;91
0;0.0;MoveNorth;(21, 6);;(19, 10);1;92
0;0.0;MoveNorth;(21, 5);;(19, 10);1;93
0;0.0;MoveNorth;(21, 5);;(19, 10);1;94
0;0.0;MoveNorth;(21, 5);;(19, 10);1;95
0;0.0;MoveNorth;(21, 5);;(19, 10);1;96
0;0.0;MoveNorth;(21, 5);;(19, 10);1;97
0;0.0;MoveNorth;(21, 5);;(19, 10);1;98
0;0.0;MoveNorth;(21, 5);;(19, 10);1;99
0;0.0;MoveNorth;(21, 5);;(19, 10);1;100
0;0.0;MoveNorth;(21, 5);;(19, 10);1;101
0;0.0;MoveNorth;(21, 4);;(19, 10);1;102
0;0.0;MoveNorthWest;(21, 4);MoveNorth;(19, 9);1;103
0;0.0;MoveNorthWest;(21, 4);;(19, 9);1;104
0;0.0;MoveNorthWest;(21, 4);MoveWest;(19, 9);1;105
0;0.0;MoveNorthWest;(21, 4);MoveWest;(19, 9);1;106
0;0.0;MoveNorthWest;(21, 4);MoveWest;(19, 9);1;107
0;0.0;MoveNorthWest;(21, 4);MoveWest;(19, 9);1;108
0;0.0;MoveNorthWest;(21, 4);MoveWest;(19, 9);1;109
0;0.0;MoveNorthWest;(21, 4);MoveWest;(18, 9);1;110
0;0.0;MoveNorthWest;(20, 3);MoveWest;(18, 9);1;111
0;0.0;MoveNorth;(20, 3);MoveWest;(18, 9);1;112
0;0.0;MoveNorth;(20, 3);MoveWest;(18, 9);1;113
0;0.0;MoveNorth;(20, 3);MoveWest;(18, 9);1;114
0;0.0;MoveNorth;(20, 3);MoveWest;(18, 9);1;115
0;0.0;MoveNorth;(20, 3);MoveWest;(18, 9);1;116
0;0.0;MoveNorth;(20, 3);MoveWest;(18, 9);1;117
0;0.0;MoveNorth;(20, 3);MoveWest;(18, 9);1;118
0;0.0;MoveNorth;(20, 3);MoveWest;(18, 9);1;119
0;0.0;MoveNorth;(20, 2);MoveWest;(18, 9);1;120
0;0.0;MoveSouthEast;(20, 2);MoveWest;(18, 9);1;121
0;0.0;MoveSouthEast;(20, 2);MoveWest;(18, 9);1;122
0;0.0;MoveSouthEast;(20, 2);;(18, 9);1;123
0;0.0;MoveSouthEast;(20, 2);;(18, 9);1;124
0;0.0;MoveSouthEast;(20, 2);;(18, 9);1;125
0;0.0;MoveSouthEast;(20, 2);;(18, 9);1;126
0;0.0;MoveSouthEast;(20, 2);;(18, 9);1;127
0;0.0;MoveSouthEast;(20, 2);;(18, 9);1;128
0;0.0;MoveSouthEast;(21, 3);;(18, 9);1;129
0;0.0;MoveNorthEast;(21, 3);;(18, 9);1;130
0;0.0;MoveNorthEast;(21, 3);;(18, 9);1;131
0;0.0;MoveNorthEast;(21, 3);;(18, 9);1;132
0;0.0;MoveNorthEast;(21, 3);;(18, 9);1;133
0;0.0;MoveNorthEast;(21, 3);;(18, 9);1;134
0;0.0;MoveNorthEast;(21, 3);;(18, 9);1;135
0;0.0;MoveNorthEast;(21, 3);;(18, 9);1;136
0;0.0;MoveNorthEast;(21, 3);;(18, 9);1;137
0;0.0;MoveNorthEast;(22, 2);;(18, 9);1;138
0;0.0;Idle;(22, 2);;(18, 9);1;139
0;0.0;Idle;(22, 2);;(18, 9);1;140
0;0.0;Idle;(22, 2);;(18, 9);1;141
0;0.0;Idle;(22, 2);;(18, 9);1;142
0;0.0;Idle;(22, 2);;(18, 9);1;143
0;0.0;Idle;(22, 2);;(18, 9);1;144
0;0.0;Idle;(22, 2);;(18, 9);1;145
0;0.0;Idle;(22, 2);;(18, 9);1;146
0;0.0;Idle;(22, 2);;(18, 9);1;147
0;0.0;Idle;(22, 2);;(18, 9);1;148
0;0.0;Idle;(22, 2);;(18, 9);1;149
0;0.0;Idle;(22, 2);;(18, 9);1;150
0;0.0;Idle;(22, 2);;(18, 9);1;151
0;0.0;Idle;(22, 2);;(18, 9);1;152
0;0.0;Idle;(22, 2);;(18, 9);1;153
0;0.0;Idle;(22, 2);;(18, 9);1;154
0;0.0;Idle;(22, 2);;(18, 9);1;155
0;0.0;Idle;(22, 2);;(18, 9);1;156
0;0.0;Idle;(22, 2);;(18, 9);1;157
0;0.0;Idle;(22, 2);;(18, 9);1;158
0;0.0;Idle;(22, 2);;(18, 9);1;159
0;0.0;Idle;(22, 2);;(18, 9);1;160
0;0.0;Idle;(22, 2);;(18, 9);1;161
0;0.0;Idle;(22, 2);;(18, 9);1;162
0;0.0;Idle;(22, 2);;(18, 9);1;163
0;0.0;Idle;(22, 2);;(18, 9);1;164
0;0.0;MoveSouthWest;(22, 2);;(18, 9);1;165
0;0.0;MoveSouthWest;(22, 2);;(18, 9);1;166
0;0.0;MoveSouthWest;(22, 2);;(18, 9);1;167
0;0.0;MoveSouthWest;(22, 2);;(18, 9);1;168
0;0.0;MoveSouthWest;(22, 2);;(18, 9);1;169
0;0.0;MoveSouthWest;(22, 2);;(18, 9);1;170
0;0.0;MoveSouthWest;(22, 2);;(18, 9);1;171
0;0.0;MoveSouthWest;(22, 2);;(18, 9);1;172
0;0.0;MoveSouthWest;(21, 3);;(18, 9);1;173
0;0.0;MoveSouth;(21, 3);;(18, 9);1;174
0;0.0;MoveSouth;(21, 3);;(18, 9);1;175
0;0.0;MoveSouth;(21, 3);;(18, 9);1;176
0;0.0;MoveSouth;(21, 3);;(18, 9);1;177
0;0.0;MoveSouth;(21, 3);;(18, 9);1;178
0;0.0;MoveSouth;(21, 3);;(18, 9);1;179
0;0.0;MoveSouth;(21, 3);;(18, 9);1;180
0;0.0;MoveSouth;(21, 3);;(18, 9);1;181
0;0.0;MoveSouth;(21, 4);;(18, 9);1;182
0;0.0;MoveSouthWest;(21, 4);;(18, 9);1;183
0;0.0;MoveSouthWest;(21, 4);;(18, 9);1;184
0;0.0;MoveSouthWest;(21, 4);;(18, 9);1;185
0;0.0;MoveSouthWest;(21, 4);;(18, 9);1;186
0;0.0;MoveSouthWest;(21, 4);;(18, 9);1;187
0;0.0;MoveSouthWest;(21, 4);;(18, 9);1;188
0;0.0;MoveSouthWest;(21, 4);;(18, 9);1;189
0;0.0;MoveSouthWest;(21, 4);;(18, 9);1;190
0;0.0;MoveSouthWest;(20, 5);;(18, 9);1;191
0;0.0;MoveWest;(20, 5);;(18, 9);1;192
0;0.0;MoveWest;(20, 5);;(18, 9);1;193
0;0.0;MoveWest;(20, 5);;(18, 9);1;194
0;0.0;MoveWest;(20, 5);;(18, 9);1;195
0;0.0;MoveWest;(20, 5);;(18, 9);1;196
0;0.0;MoveWest;(20, 5);;(18, 9);1;197
0;0.0;MoveWest;(20, 5);;(18, 9);1;198
0;0.0;MoveWest;(20, 5);;(18, 9);1;199
0;0.0;MoveWest;(20, 5);;(18, 9);1;200
0;0.0;MoveWest;(20, 5);;(18, 9);1;201
0;0.0;MoveWest;(20, 5);;(18, 9);1;202
0;0.0;MoveWest;(20, 5);;(18, 9);1;203
0;0.0;MoveWest;(20, 5);;(18, 9);1;204
0;0.0;MoveWest;(19, 5);;(18, 9);1;205
0;0.0;MoveWest;(19, 5);;(18, 9);1;206
0;0.0;MoveWest;(19, 5);;(18, 9);1;207
0;0.0;MoveWest;(19, 5);;(18, 9);1;208
0;0.0;MoveWest;(19, 5);;(18, 9);1;209
0;0.0;MoveWest;(19, 5);;(18, 9);1;210
0;0.0;MoveWest;(19, 5);;(18, 9);1;211
0;0.0;MoveWest;(19, 5);;(18, 9);1;212
0;0.0;MoveWest;(19, 5);;(18, 9);1;213
0;0.0;MoveWest;(19, 5);;(18, 9);1;214
0;0.0;MoveWest;(19, 5);;(18, 9);1;215
0;0.0;MoveWest;(19, 5);;(18, 9);1;216
0;0.0;MoveWest;(19, 5);;(18, 9);1;217
0;0.0;MoveWest;(19, 5);;(18, 9);1;218
0;0.0;MoveWest;(18, 5);;(18, 9);1;219
0;0.0;MoveWest;(18, 5);;(18, 9);1;220
0;0.0;MoveWest;(18, 5);;(18, 9);1;221
0;0.0;MoveWest;(18, 5);;(18, 9);1;222
0;0.0;MoveWest;(18, 5);;(18, 9);1;223
0;0.0;MoveWest;(18, 5);;(18, 9);1;224
0;0.0;MoveWest;(18, 5);;(18, 9);1;225
0;0.0;MoveWest;(18, 5);;(18, 9);1;226
0;0.0;MoveWest;(18, 5);;(18, 9);1;227
0;0.0;MoveWest;(17, 5);;(18, 9);1;228
0;0.0;MoveWest;(17, 5);;(18, 9);1;229
0;0.0;MoveWest;(17, 5);;(18, 9);1;230
0;0.0;MoveWest;(17, 5);;(18, 9);1;231
0;0.0;MoveWest;(17, 5);;(18, 9);1;232
0;0.0;MoveWest;(17, 5);;(18, 9);1;233
0;0.0;MoveWest;(17, 5);;(18, 9);1;234
0;0.0;MoveWest;(17, 5);;(18, 9);1;235
0;0.0;MoveWest;(17, 5);;(18, 9);1;236
0;0.0;MoveWest;(16, 5);;(18, 9);1;237
0;0.0;MoveWest;(16, 5);;(18, 9);1;238
0;0.0;MoveWest;(16, 5);;(18, 9);1;239
0;0.0;MoveWest;(16, 5);;(18, 9);1;240
0;0.0;MoveWest;(16, 5);;(18, 9);1;241
0;0.0;MoveWest;(16, 5);;(18, 9);1;242
0;0.0;MoveWest;(16, 5);;(18, 9);1;243
0;0.0;MoveWest;(16, 5);;(18, 9);1;244
0;0.0;MoveWest;(16, 5);;(18, 9);1;245
0;0.0;MoveWest;(15, 5);;(18, 9);1;246
0;0.0;;(15, 5);;(18, 9);1;247
0;0.0;;(15, 5);;(18, 9);1;248
0;0.0;;(15, 5);;(18, 9);1;249
0;0.0;;(15, 5);;(18, 9);1;250
0;0.0;;(15, 5);;(18, 9);1;251
0;0.0;;(15, 5);;(18, 9);1;252
0;0.0;;(15, 5);;(18, 9);1;253
0;0.0;;(15, 5);;(18, 9);1;254
0;0.0;;(15, 5);;(18, 9);1;255
0;0.0;;(15, 5);;(18, 9);1;256
0;0.0;;(15, 5);;(18, 9);1;257
0;0.0;;(15, 5);;(18, 9);1;258
0;0.0;;(15, 5);;(18, 9);1;259
0;0.0;;(15, 5);;(18, 9);1;260
0;0.0;;(15, 5);;(18, 9);1;261
0;0.0;;(15, 5);;(18, 9);1;262
0;0.0;;(15, 5);;(18, 9);1;263
0;0.0;;(15, 5);;(18, 9);1;264
0;0.0;;(15, 5);;(18, 9);1;265
0;0.0;;(15, 5);;(18, 9);1;266
0;0.0;;(15, 5);;(18, 9);1;267
0;0.0;;(15, 5);;(18, 9);1;268
0;0.0;;(15, 5);;(18, 9);1;269
0;0.0;;(15, 5);;(18, 9);1;270
0;0.0;;(15, 5);;(18, 9);1;271
0;0.0;;(15, 5);;(18, 9);1;272
0;0.0;;(15, 5);;(18, 9);1;273
0;0.0;;(15, 5);;(18, 9);1;274
0;0.0;;(15, 5);;(18, 9);1;275
0;0.0;;(15, 5);;(18, 9);1;276
0;0.0;;(15, 5);;(18, 9);1;277
0;0.0;;(15, 5);;(18, 9);1;278
0;0.0;;(15, 5);;(18, 9);1;279
0;0.0;;(15, 5);;(18, 9);1;280
0;0.0;;(15, 5);;(18, 9);1;281
0;0.0;;(15, 5);;(18, 9);1;282
0;0.0;;(15, 5);;(18, 9);1;283
0;0.0;;(15, 5);;(18, 9);1;284
0;0.0;;(15, 5);MoveNorth;(18, 9);1;285
0;0.0;;(15, 5);MoveNorth;(18, 9);1;286
0;0.0;;(15, 5);MoveNorth;(18, 9);1;287
0;0.0;;(15, 5);MoveNorth;(18, 9);1;288
0;0.0;;(15, 5);MoveNorth;(18, 9);1;289
0;0.0;;(15, 5);MoveNorth;(18, 8);1;290
0;0.0;;(15, 5);MoveWest;(18, 8);1;291
0;0.0;;(15, 5);;(18, 8);1;292
0;0.0;;(15, 5);;(18, 8);1;293
0;0.0;;(15, 5);MoveNorth;(18, 7);1;294
0;0.0;;(15, 5);MoveNorth;(18, 6);1;295
0;0.0;;(15, 5);MoveNorth;(18, 5);1;296
0;0.0;;(15, 5);;(18, 5);1;297
0;0.0;;(15, 5);;(18, 5);1;298
0;0.0;;(15, 5);MoveNorth;(18, 4);1;299
0;0.0;;(15, 5);;(18, 4);1;300
0;0.0;;(15, 5);;(18, 4);1;301
0;0.0;;(15, 5);MoveWest;(18, 4);1;302
0;0.0;;(15, 5);;(18, 4);1;303
0;0.0;;(15, 5);MoveWest;(18, 4);1;304
0;0.0;;(15, 5);MoveWest;(18, 4);1;305
0;0.0;;(15, 5);;(18, 4);1;306
0;0.0;;(15, 5);;(18, 4);1;307
0;0.0;;(15, 5);MoveSouth;(18, 5);1;308
0;0.0;;(15, 5);;(18, 5);1;309
0;0.0;;(15, 5);MoveWest;(17, 5);1;310
0;0.0;;(15, 5);;(17, 5);1;311
0;0.0;;(15, 5);MoveWest;(16, 5);1;312
0;0.0;;(15, 5);;(16, 5);1;313
0;0.0;;(15, 5);MoveWest;(15, 5);1;314
0;0.0;;(15, 5);MoveWest;(14, 5);1;315
0;0.0;;(15, 5);;(14, 5);1;316
0;0.0;;(15, 5);MoveWest;(13, 5);1;317
0;0.0;;(15, 5);MoveWest;(12, 5);1;318
0;0.0;;(15, 5);;(12, 5);1;319
0;0.0;;(15, 5);MoveWest;(11, 5);1;320
0;0.0;;(15, 5);;(11, 5);1;321
0;0.0;;(15, 5);;(11, 5);1;322
0;0.0;;(15, 5);MoveWest;(10, 5);1;323
0;0.0;;(15, 5);;(10, 5);1;324
0;0.0;;(15, 5);MoveWest;(10, 5);1;325
0;0.0;;(15, 5);MoveWest;(10, 5);1;326
0;0.0;;(15, 5);MoveWest;(10, 5);1;327
0;0.0;;(15, 5);MoveWest;(10, 5);1;328
0;0.0;;(15, 5);MoveWest;(10, 5);1;329
0;0.0;;(15, 5);MoveWest;(9, 5);1;330
0;0.0;;(15, 5);;(9, 5);1;331
0;0.0;;(15, 5);;(9, 5);1;332
0;0.0;;(15, 5);;(9, 5);1;333
0;0.0;;(15, 5);;(9, 5);1;334
0;0.0;;(15, 5);;(9, 5);1;335
0;0.0;;(15, 5);;(9, 5);1;336
0;0.0;;(15, 5);;(9, 5);1;337
0;0.0;;(15, 5);;(9, 5);1;338
0;0.0;;(15, 5);;(9, 5);1;339
0;0.0;;(15, 5);;(9, 5);1;340
0;0.0;;(15, 5);;(9, 5);1;341
0;0.0;;(15, 5);;(9, 5);1;342
0;0.0;;(15, 5);;(9, 5);1;343
0;0.0;;(15, 5);;(9, 5);1;344
0;0.0;;(15, 5);;(9, 5);1;345
0;0.0;;(15, 5);;(9, 5);1;346
0;0.0;;(15, 5);;(9, 5);1;347
0;0.0;;(15, 5);;(9, 5);1;348
0;0.0;;(15, 5);;(9, 5);1;349
0;0.0;;(15, 5);;(9, 5);1;350
0;0.0;;(15, 5);;(9, 5);1;351
0;0.0;;(15, 5);;(9, 5);1;352
0;0.0;;(15, 5);;(9, 5);1;353
0;0.0;;(15, 5);;(9, 5);1;354
0;0.0;;(15, 5);;(9, 5);1;355
0;0.0;;(15, 5);;(9, 5);1;356
0;0.0;;(15, 5);;(9, 5);1;357
0;0.0;;(15, 5);;(9, 5);1;358
0;0.0;;(15, 5);;(9, 5);1;359
0;0.0;;(15, 5);;(9, 5);1;360
0;0.0;;(15, 5);;(9, 5);1;361
0;0.0;;(15, 5);;(9, 5);1;362
0;0.0;;(15, 5);;(9, 5);1;363
0;0.0;;(15, 5);;(9, 5);1;364
0;0.0;MoveSouth;(15, 5);;(9, 5);1;365
0;0.0;MoveSouth;(15, 5);;(9, 5);1;366
0;0.0;MoveSouth;(15, 5);;(9, 5);1;367
0;0.0;MoveSouth;(15, 5);;(9, 5);1;368
0;0.0;MoveSouth;(15, 5);;(9, 5);1;369
0;0.0;MoveSouth;(15, 5);;(9, 5);1;370
0;0.0;MoveSouth;(15, 5);;(9, 5);1;371
0;0.0;MoveSouth;(15, 5);;(9, 5);1;372
0;0.0;MoveSouth;(15, 6);;(9, 5);1;373
0;0.0;;(15, 6);;(9, 5);1;374
0;0.0;;(15, 6);;(9, 5);1;375
0;0.0;;(15, 6);;(9, 5);1;376
0;0.0;;(15, 6);;(9, 5);1;377
0;0.0;;(15, 6);;(9, 5);1;378
0;0.0;;(15, 6);;(9, 5);1;379
0;0.0;;(15, 6);;(9, 5);1;380
0;0.0;;(15, 6);;(9, 5);1;381
0;0.0;;(15, 6);;(9, 5);1;382
0;0.0;;(15, 6);;(9, 5);1;383
0;0.0;;(15, 6);;(9, 5);1;384
0;0.0;;(15, 6);;(9, 5);1;385
0;0.0;;(15, 6);;(9, 5);1;386
0;0.0;;(15, 6);;(9, 5);1;387
0;0.0;;(15, 6);;(9, 5);1;388
0;0.0;;(15, 6);;(9, 5);1;389
0;0.0;;(15, 6);;(9, 5);1;390
0;0.0;;(15, 6);;(9, 5);1;391
0;0.0;;(15, 6);;(9, 5);1;392
0;0.0;;(15, 6);;(9, 5);1;393
0;0.0;;(15, 6);;(9, 5);1;394
0;0.0;;(15, 6);;(9, 5);1;395
0;0.0;;(15, 6);;(9, 5);1;396
0;0.0;;(15, 6);RemoveObject;(9, 5);1;397
0;0.0;;(15, 6);RemoveObject;(9, 5);1;398
0;0.0;;(15, 6);RemoveObject;(9, 5);1;399
0;0.0;;(15, 6);RemoveObject;(9, 5);1;400
0;0.0;;(15, 6);RemoveObject;(9, 5);1;401
0;0.0;;(15, 6);RemoveObject;(9, 5);1;402
0;0.0;;(15, 6);RemoveObject;(9, 5);1;403
0;0.0;;(15, 6);RemoveObject;(9, 5);1;404
0;0.0;;(15, 6);RemoveObject;(9, 5);1;405
0;0.0;;(15, 6);RemoveObject;(9, 5);1;406
0;0.0;;(15, 6);RemoveObject;(9, 5);1;407
0;0.0;;(15, 6);RemoveObject;(9, 5);1;408
0;0.0;;(15, 6);RemoveObject;(9, 5);1;409
0;0.0;;(15, 6);RemoveObject;(9, 5);1;410
0;0.0;;(15, 6);RemoveObject;(9, 5);1;411
0;0.0;;(15, 6);RemoveObject;(9, 5);1;412
0;0.0;;(15, 6);RemoveObject;(9, 5);1;413
0;0.0;;(15, 6);RemoveObject;(9, 5);1;414
0;0.0;;(15, 6);RemoveObject;(9, 5);1;415
0;0.0;;(15, 6);RemoveObject;(9, 5);1;416
0;0.0;;(15, 6);RemoveObject;(9, 5);1;417
0;0.0;;(15, 6);RemoveObject;(9, 5);1;418
0;0.0;;(15, 6);RemoveObject;(9, 5);1;419
0;0.0;;(15, 6);RemoveObject;(9, 5);1;420
0;0.0;;(15, 6);RemoveObject;(9, 5);1;421
0;0.0;;(15, 6);RemoveObject;(9, 5);1;422
0;0.0;;(15, 6);RemoveObject;(9, 5);1;423
0;0.0;;(15, 6);RemoveObject;(9, 5);1;424
0;0.0;;(15, 6);RemoveObject;(9, 5);1;425
0;0.0;;(15, 6);RemoveObject;(9, 5);1;426
0;0.0;;(15, 6);RemoveObject;(9, 5);1;427
0;0.0;;(15, 6);RemoveObject;(9, 5);1;428
0;0.0;;(15, 6);RemoveObject;(9, 5);1;429
0;0.0;;(15, 6);RemoveObject;(9, 5);1;430
0;0.0;;(15, 6);RemoveObject;(9, 5);1;431
0;0.0;;(15, 6);RemoveObject;(9, 5);1;432
0;0.0;;(15, 6);RemoveObject;(9, 5);1;433
0;0.0;;(15, 6);RemoveObject;(9, 5);1;434
0;0.0;;(15, 6);RemoveObject;(9, 5);1;435
0;0.0;;(15, 6);RemoveObject;(9, 5);1;436
0;0.0;;(15, 6);RemoveObject;(9, 5);1;437
0;0.0;;(15, 6);RemoveObject;(9, 5);1;438
0;0.0;;(15, 6);RemoveObject;(9, 5);1;439
0;0.0;;(15, 6);RemoveObject;(9, 5);1;440
0;0.0;;(15, 6);RemoveObject;(9, 5);1;441
0;0.0;;(15, 6);RemoveObject;(9, 5);1;442
0;0.0;;(15, 6);RemoveObject;(9, 5);1;443
0;0.0;;(15, 6);RemoveObject;(9, 5);1;444
0;0.0;;(15, 6);RemoveObject;(9, 5);1;445
0;0.0;;(15, 6);RemoveObject;(9, 5);1;446
0;0.0;;(15, 6);RemoveObject;(9, 5);1;447
0;0.0;;(15, 6);RemoveObject;(9, 5);1;448
0;0.0;;(15, 6);RemoveObject;(9, 5);1;449
0;0.0;;(15, 6);RemoveObject;(9, 5);1;450
0;0.0;;(15, 6);RemoveObject;(9, 5);1;451
0;0.0;;(15, 6);RemoveObject;(9, 5);1;452
0;0.0;;(15, 6);RemoveObject;(9, 5);1;453
0;0.0;;(15, 6);RemoveObject;(9, 5);1;454
0;0.0;;(15, 6);RemoveObject;(9, 5);1;455
0;0.0;;(15, 6);RemoveObject;(9, 5);1;456
0;0.0;;(15, 6);RemoveObject;(9, 5);1;457
0;0.0;;(15, 6);RemoveObject;(9, 5);1;458
0;0.0;;(15, 6);RemoveObject;(9, 5);1;459
0;0.0;;(15, 6);RemoveObject;(9, 5);1;460
0;0.0;;(15, 6);RemoveObject;(9, 5);1;461
0;0.0;;(15, 6);RemoveObject;(9, 5);1;462
0;0.0;;(15, 6);RemoveObject;(9, 5);1;463
0;0.0;;(15, 6);RemoveObject;(9, 5);1;464
0;0.0;;(15, 6);RemoveObject;(9, 5);1;465
0;0.0;;(15, 6);RemoveObject;(9, 5);1;466
0;0.0;;(15, 6);RemoveObject;(9, 5);1;467
0;0.0;;(15, 6);RemoveObject;(9, 5);1;468
0;0.0;;(15, 6);RemoveObject;(9, 5);1;469
0;0.0;;(15, 6);RemoveObject;(9, 5);1;470
0;0.0;;(15, 6);RemoveObject;(9, 5);1;471
0;0.0;;(15, 6);RemoveObject;(9, 5);1;472
0;0.0;;(15, 6);RemoveObject;(9, 5);1;473
0;0.0;;(15, 6);RemoveObject;(9, 5);1;474
0;0.0;;(15, 6);RemoveObject;(9, 5);1;475
0;0.0;;(15, 6);RemoveObject;(9, 5);1;476
0;0.0;;(15, 6);RemoveObject;(9, 5);1;477
0;0.0;;(15, 6);RemoveObject;(9, 5);1;478
0;0.0;;(15, 6);RemoveObject;(9, 5);1;479
0;0.0;;(15, 6);RemoveObject;(9, 5);1;480
0;0.0;;(15, 6);RemoveObject;(9, 5);1;481
0;0.0;;(15, 6);RemoveObject;(9, 5);1;482
0;0.0;;(15, 6);RemoveObject;(9, 5);1;483
0;0.0;;(15, 6);RemoveObject;(9, 5);1;484
0;0.0;;(15, 6);RemoveObject;(9, 5);1;485
0;0.0;;(15, 6);RemoveObject;(9, 5);1;486
0;0.0;;(15, 6);RemoveObject;(9, 5);1;487
0;0.0;;(15, 6);RemoveObject;(9, 5);1;488
0;0.0;;(15, 6);RemoveObject;(9, 5);1;489
0;0.0;;(15, 6);RemoveObject;(9, 5);1;490
0;0.0;;(15, 6);RemoveObject;(9, 5);1;491
0;0.0;;(15, 6);RemoveObject;(9, 5);1;492
0;0.0;;(15, 6);RemoveObject;(9, 5);1;493
0;0.0;;(15, 6);RemoveObject;(9, 5);1;494
0;0.0;;(15, 6);RemoveObject;(9, 5);1;495
0;0.0;;(15, 6);RemoveObject;(9, 5);1;496
0;0.0;;(15, 6);RemoveObject;(9, 5);1;497
0;0.0;;(15, 6);RemoveObject;(9, 5);1;498
0;0.0;;(15, 6);RemoveObject;(9, 5);1;499
0;0.0;;(15, 6);RemoveObject;(9, 5);1;500
0;0.0;;(15, 6);RemoveObject;(9, 5);1;501
0;0.0;;(15, 6);RemoveObject;(9, 5);1;502
0;0.0;;(15, 6);RemoveObject;(9, 5);1;503
0;0.0;;(15, 6);RemoveObject;(9, 5);1;504
0;0.0;;(15, 6);RemoveObject;(9, 5);1;505
0;0.0;;(15, 6);RemoveObject;(9, 5);1;506
0;0.0;;(15, 6);RemoveObject;(9, 5);1;507
0;0.0;;(15, 6);RemoveObject;(9, 5);1;508
0;0.0;;(15, 6);RemoveObject;(9, 5);1;509
0;0.0;;(15, 6);RemoveObject;(9, 5);1;510
0;0.0;;(15, 6);RemoveObject;(9, 5);1;511
0;0.0;;(15, 6);RemoveObject;(9, 5);1;512
0;0.0;;(15, 6);RemoveObject;(9, 5);1;513
0;0.0;;(15, 6);RemoveObject;(9, 5);1;514
0;0.0;;(15, 6);RemoveObject;(9, 5);1;515
0;0.0;;(15, 6);RemoveObject;(9, 5);1;516
0;0.0;;(15, 6);RemoveObject;(9, 5);1;517
0;0.0;;(15, 6);RemoveObject;(9, 5);1;518
0;0.0;;(15, 6);RemoveObject;(9, 5);1;519
0;0.0;;(15, 6);RemoveObject;(9, 5);1;520
0;0.0;;(15, 6);RemoveObject;(9, 5);1;521
0;0.0;;(15, 6);RemoveObject;(9, 5);1;522
0;0.0;;(15, 6);RemoveObject;(9, 5);1;523
0;0.0;;(15, 6);RemoveObject;(9, 5);1;524
0;0.0;;(15, 6);RemoveObject;(9, 5);1;525
0;0.0;;(15, 6);RemoveObject;(9, 5);1;526
0;0.0;;(15, 6);RemoveObject;(9, 5);1;527
0;0.0;;(15, 6);RemoveObject;(9, 5);1;528
0;0.0;;(15, 6);RemoveObject;(9, 5);1;529
0;0.0;;(15, 6);RemoveObject;(9, 5);1;530
0;0.0;;(15, 6);RemoveObject;(9, 5);1;531
0;0.0;;(15, 6);RemoveObject;(9, 5);1;532
0;0.0;;(15, 6);RemoveObject;(9, 5);1;533
0;0.0;;(15, 6);RemoveObject;(9, 5);1;534
0;0.0;;(15, 6);RemoveObject;(9, 5);1;535
0;0.0;;(15, 6);RemoveObject;(9, 5);1;536
0;0.0;;(15, 6);RemoveObject;(9, 5);1;537
0;0.0;;(15, 6);RemoveObject;(9, 5);1;538
0;0.0;;(15, 6);RemoveObject;(9, 5);1;539
0;0.0;;(15, 6);RemoveObject;(9, 5);1;540
0;0.0;;(15, 6);RemoveObject;(9, 5);1;541
0;0.0;;(15, 6);RemoveObject;(9, 5);1;542
0;0.0;;(15, 6);RemoveObject;(9, 5);1;543
0;0.0;;(15, 6);RemoveObject;(9, 5);1;544
0;0.0;;(15, 6);RemoveObject;(9, 5);1;545
0;0.0;;(15, 6);RemoveObject;(9, 5);1;546
0;0.0;;(15, 6);RemoveObject;(9, 5);1;547
0;0.0;;(15, 6);RemoveObject;(9, 5);1;548
0;0.0;;(15, 6);RemoveObject;(9, 5);1;549
0;0.0;;(15, 6);RemoveObject;(9, 5);1;550
0;0.0;;(15, 6);RemoveObject;(9, 5);1;551
0;0.0;;(15, 6);RemoveObject;(9, 5);1;552
0;0.0;;(15, 6);RemoveObject;(9, 5);1;553
0;0.0;;(15, 6);RemoveObject;(9, 5);1;554
0;0.0;;(15, 6);RemoveObject;(9, 5);1;555
0;0.0;;(15, 6);RemoveObject;(9, 5);1;556
0;0.0;;(15, 6);RemoveObject;(9, 5);1;557
0;0.0;;(15, 6);RemoveObject;(9, 5);1;558
0;0.0;;(15, 6);RemoveObject;(9, 5);1;559
0;0.0;;(15, 6);RemoveObject;(9, 5);1;560
0;0.0;;(15, 6);RemoveObject;(9, 5);1;561
0;0.0;;(15, 6);RemoveObject;(9, 5);1;562
0;0.0;;(15, 6);RemoveObject;(9, 5);1;563
0;0.0;;(15, 6);RemoveObject;(9, 5);1;564
0;0.0;;(15, 6);RemoveObject;(9, 5);1;565
0;0.0;;(15, 6);RemoveObject;(9, 5);1;566
0;0.0;;(15, 6);RemoveObject;(9, 5);1;567
0;0.0;;(15, 6);RemoveObject;(9, 5);1;568
0;0.0;;(15, 6);RemoveObject;(9, 5);1;569
0;0.0;;(15, 6);RemoveObject;(9, 5);1;570
0;0.0;;(15, 6);RemoveObject;(9, 5);1;571
0;0.0;;(15, 6);RemoveObject;(9, 5);1;572
0;0.0;;(15, 6);RemoveObject;(9, 5);1;573
0;0.0;;(15, 6);RemoveObject;(9, 5);1;574
0;0.0;;(15, 6);RemoveObject;(9, 5);1;575
0;0.0;;(15, 6);RemoveObject;(9, 5);1;576
0;0.0;;(15, 6);RemoveObject;(9, 5);1;577
0;0.0;;(15, 6);RemoveObject;(9, 5);1;578
0;0.0;;(15, 6);RemoveObject;(9, 5);1;579
0;0.0;;(15, 6);RemoveObject;(9, 5);1;580
0;0.0;;(15, 6);RemoveObject;(9, 5);1;581
0;0.0;;(15, 6);RemoveObject;(9, 5);1;582
0;0.0;;(15, 6);RemoveObject;(9, 5);1;583
0;0.0;;(15, 6);RemoveObject;(9, 5);1;584
0;0.0;;(15, 6);RemoveObject;(9, 5);1;585
0;0.0;;(15, 6);RemoveObject;(9, 5);1;586
0;0.0;;(15, 6);RemoveObject;(9, 5);1;587
0;0.0;;(15, 6);RemoveObject;(9, 5);1;588
0;0.0;;(15, 6);RemoveObject;(9, 5);1;589
0;0.0;;(15, 6);RemoveObject;(9, 5);1;590
0;0.0;;(15, 6);RemoveObject;(9, 5);1;591
0;0.0;;(15, 6);RemoveObject;(9, 5);1;592
0;0.0;;(15, 6);RemoveObject;(9, 5);1;593
0;0.0;;(15, 6);RemoveObject;(9, 5);1;594
0;0.0;;(15, 6);RemoveObject;(9, 5);1;595
0;0.0;;(15, 6);RemoveObject;(9, 5);1;596
0;0.0;;(15, 6);RemoveObject;(9, 5);1;597
0;0.0;;(15, 6);RemoveObject;(9, 5);1;598
0;0.0;;(15, 6);;(9, 5);1;599
0;0.0;;(15, 6);;(9, 5);1;600
0;0.0;;(15, 6);;(9, 5);1;601
0;0.0;;(15, 6);;(9, 5);1;602
0;0.0;RemoveObject;(15, 6);;(9, 5);1;603
0;0.0;RemoveObject;(15, 6);;(9, 5);1;604
0;0.0;RemoveObject;(15, 6);;(9, 5);1;605
0;0.0;RemoveObject;(15, 6);;(9, 5);1;606
0;0.0;RemoveObject;(15, 6);;(9, 5);1;607
0;0.0;RemoveObject;(15, 6);;(9, 5);1;608
0;0.0;RemoveObject;(15, 6);;(9, 5);1;609
0;0.0;RemoveObject;(15, 6);;(9, 5);1;610
0;0.0;RemoveObject;(15, 6);;(9, 5);1;611
0;0.0;RemoveObject;(15, 6);;(9, 5);1;612
0;0.0;RemoveObject;(15, 6);;(9, 5);1;613
0;0.0;RemoveObject;(15, 6);;(9, 5);1;614
0;0.0;RemoveObject;(15, 6);;(9, 5);1;615
0;0.0;RemoveObject;(15, 6);;(9, 5);1;616
0;0.0;RemoveObject;(15, 6);RemoveObject;(9, 5);1;617
0;0.0;RemoveObject;(15, 6);;(9, 5);1;618
0;0.0;RemoveObject;(15, 6);;(9, 5);1;619
0;0.0;RemoveObject;(15, 6);;(9, 5);1;620
0;0.0;RemoveObject;(15, 6);;(9, 5);1;621
0;0.0;RemoveObject;(15, 6);RemoveObject;(9, 5);1;622
0;0.0;RemoveObject;(15, 6);RemoveObject;(9, 5);1;623
0;0.0;RemoveObject;(15, 6);RemoveObject;(9, 5);1;624
0;0.0;RemoveObject;(15, 6);RemoveObject;(9, 5);1;625
0;0.0;RemoveObject;(15, 6);RemoveObject;(9, 5);1;626
0;0.0;RemoveObject;(15, 6);RemoveObject;(9, 5);1;627
0;0.0;RemoveObject;(15, 6);RemoveObject;(9, 5);1;628
0;0.0;RemoveObject;(15, 6);RemoveObject;(9, 5);1;629
0;0.0;RemoveObject;(15, 6);RemoveObject;(9, 5);1;630
0;0.0;RemoveObject;(15, 6);RemoveObject;(9, 5);1;631
0;0.0;RemoveObject;(15, 6);RemoveObject;(9, 5);1;632
0;0.0;RemoveObject;(15, 6);RemoveObject;(9, 5);1;633
0;0.0;RemoveObject;(15, 6);RemoveObject;(9, 5);1;634
0;0.0;RemoveObject;(15, 6);RemoveObject;(9, 5);1;635
0;0.0;RemoveObject;(15, 6);RemoveObject;(9, 5);1;636
0;0.0;RemoveObject;(15, 6);;(9, 5);1;637
0;0.0;RemoveObject;(15, 6);;(9, 5);1;638
0;0.0;RemoveObject;(15, 6);;(9, 5);1;639
0;0.0;RemoveObject;(15, 6);;(9, 5);1;640
0;0.0;RemoveObject;(15, 6);;(9, 5);1;641
0;0.0;RemoveObject;(15, 6);;(9, 5);1;642
0;0.0;RemoveObject;(15, 6);;(9, 5);1;643
0;0.0;RemoveObject;(15, 6);;(9, 5);1;644
0;0.0;RemoveObject;(15, 6);;(9, 5);1;645
0;0.0;RemoveObject;(15, 6);MoveNorth;(9, 4);1;646
0;0.0;RemoveObject;(15, 6);;(9, 4);1;647
0;0.0;RemoveObject;(15, 6);MoveNorth;(9, 3);1;648
0;0.0;RemoveObject;(15, 6);;(9, 3);1;649
0;0.0;RemoveObject;(15, 6);;(9, 3);1;650
0;0.0;RemoveObject;(15, 6);;(9, 3);1;651
0;0.0;RemoveObject;(15, 6);MoveNorth;(9, 2);1;652
0;0.0;RemoveObject;(15, 6);MoveNorth;(9, 2);1;653
0;0.0;RemoveObject;(15, 6);;(9, 2);1;654
0;0.0;RemoveObject;(15, 6);;(9, 2);1;655
0;0.0;RemoveObject;(15, 6);;(9, 2);1;656
0;0.0;RemoveObject;(15, 6);;(9, 2);1;657
0;0.0;RemoveObject;(15, 6);;(9, 2);1;658
0;0.0;RemoveObject;(15, 6);MoveSouth;(9, 3);1;659
0;0.0;RemoveObject;(15, 6);;(9, 3);1;660
0;0.0;RemoveObject;(15, 6);;(9, 3);1;661
0;0.0;RemoveObject;(15, 6);;(9, 3);1;662
0;0.0;RemoveObject;(15, 6);;(9, 3);1;663
0;0.0;RemoveObject;(15, 6);;(9, 3);1;664
0;0.0;RemoveObject;(15, 6);;(9, 3);1;665
0;0.0;RemoveObject;(15, 6);;(9, 3);1;666
0;0.0;RemoveObject;(15, 6);MoveSouth;(9, 4);1;667
0;0.0;RemoveObject;(15, 6);;(9, 4);1;668
0;0.0;RemoveObject;(15, 6);MoveSouth;(9, 5);1;669
0;0.0;RemoveObject;(15, 6);MoveSouth;(9, 6);1;670
0;0.0;RemoveObject;(15, 6);;(9, 6);1;671
0;0.0;RemoveObject;(15, 6);MoveSouth;(9, 6);1;672
0;0.0;RemoveObject;(15, 6);MoveSouth;(9, 6);1;673
0;0.0;RemoveObject;(15, 6);MoveSouth;(9, 6);1;674
0;0.0;RemoveObject;(15, 6);;(9, 6);1;675
0;0.0;RemoveObject;(15, 6);;(9, 6);1;676
0;0.0;RemoveObject;(15, 6);RemoveObject;(9, 6);1;677
0;0.0;RemoveObject;(15, 6);RemoveObject;(9, 6);1;678
0;0.0;RemoveObject;(15, 6);RemoveObject;(9, 6);1;679
0;0.0;RemoveObject;(15, 6);RemoveObject;(9, 6);1;680
0;0.0;RemoveObject;(15, 6);RemoveObject;(9, 6);1;681
0;0.0;RemoveObject;(15, 6);RemoveObject;(9, 6);1;682
0;0.0;RemoveObject;(15, 6);RemoveObject;(9, 6);1;683
0;0.0;RemoveObject;(15, 6);RemoveObject;(9, 6);1;684
0;0.0;RemoveObject;(15, 6);RemoveObject;(9, 6);1;685
0;0.0;RemoveObject;(15, 6);RemoveObject;(9, 6);1;686
0;0.0;RemoveObject;(15, 6);RemoveObject;(9, 6);1;687
0;0.0;RemoveObject;(15, 6);RemoveObject;(9, 6);1;688
0;0.0;RemoveObject;(15, 6);RemoveObject;(9, 6);1;689
0;0.0;RemoveObject;(15, 6);RemoveObject;(9, 6);1;690
0;0.0;RemoveObject;(15, 6);RemoveObject;(9, 6);1;691
0;0.0;RemoveObject;(15, 6);RemoveObject;(9, 6);1;692
0;0.0;RemoveObject;(15, 6);RemoveObject;(9, 6);1;693
0;0.0;RemoveObject;(15, 6);RemoveObject;(9, 6);1;694
0;0.0;RemoveObject;(15, 6);RemoveObject;(9, 6);1;695
0;0.0;RemoveObject;(15, 6);RemoveObject;(9, 6);1;696
0;0.0;RemoveObject;(15, 6);RemoveObject;(9, 6);1;697
0;0.0;RemoveObject;(15, 6);RemoveObject;(9, 6);1;698
0;0.0;RemoveObject;(15, 6);RemoveObject;(9, 6);1;699
0;0.0;RemoveObject;(15, 6);RemoveObject;(9, 6);1;700
0;0.0;RemoveObject;(15, 6);RemoveObject;(9, 6);1;701
0;0.0;RemoveObject;(15, 6);RemoveObject;(9, 6);1;702
0;0.0;RemoveObject;(15, 6);RemoveObject;(9, 6);1;703
0;0.0;MoveSouth;(15, 6);RemoveObject;(9, 6);1;704
0;0.0;MoveSouth;(15, 6);RemoveObject;(9, 6);1;705
0;0.0;MoveSouth;(15, 6);RemoveObject;(9, 6);1;706
0;0.0;MoveSouth;(15, 6);RemoveObject;(9, 6);1;707
0;0.0;MoveSouth;(15, 6);RemoveObject;(9, 6);1;708
0;0.0;MoveSouth;(15, 6);RemoveObject;(9, 6);1;709
0;0.0;MoveSouth;(15, 6);RemoveObject;(9, 6);1;710
0;0.0;MoveSouth;(15, 6);RemoveObject;(9, 6);1;711
0;0.0;MoveSouth;(15, 7);RemoveObject;(9, 6);1;712
0;0.0;MoveSouthWest;(15, 7);RemoveObject;(9, 6);1;713
0;0.0;MoveSouthWest;(15, 7);RemoveObject;(9, 6);1;714
0;0.0;MoveSouthWest;(15, 7);RemoveObject;(9, 6);1;715
0;0.0;MoveSouthWest;(15, 7);RemoveObject;(9, 6);1;716
0;0.0;MoveSouthWest;(15, 7);RemoveObject;(9, 6);1;717
0;0.0;MoveSouthWest;(15, 7);RemoveObject;(9, 6);1;718
0;0.0;MoveSouthWest;(15, 7);RemoveObject;(9, 6);1;719
0;0.0;MoveSouthWest;(15, 7);RemoveObject;(9, 6);1;720
0;0.0;MoveSouthWest;(14, 8);RemoveObject;(9, 6);1;721
0;0.0;MoveSouthEast;(14, 8);RemoveObject;(9, 6);1;722
0;0.0;MoveSouthEast;(14, 8);RemoveObject;(9, 6);1;723
0;0.0;MoveSouthEast;(14, 8);RemoveObject;(9, 6);1;724
0;0.0;MoveSouthEast;(14, 8);RemoveObject;(9, 6);1;725
0;0.0;MoveSouthEast;(14, 8);RemoveObject;(9, 6);1;726
0;0.0;MoveSouthEast;(14, 8);RemoveObject;(9, 6);1;727
0;0.0;MoveSouthEast;(14, 8);RemoveObject;(9, 6);1;728
0;0.0;MoveSouthEast;(14, 8);RemoveObject;(9, 6);1;729
0;0.0;MoveSouthEast;(15, 9);RemoveObject;(9, 6);1;730
0;0.0;MoveNorthEast;(15, 9);RemoveObject;(9, 6);1;731
0;0.0;MoveNorthEast;(15, 9);RemoveObject;(9, 6);1;732
0;0.0;MoveNorthEast;(15, 9);RemoveObject;(9, 6);1;733
0;0.0;MoveNorthEast;(15, 9);RemoveObject;(9, 6);1;734
0;0.0;MoveNorthEast;(15, 9);RemoveObject;(9, 6);1;735
0;0.0;MoveNorthEast;(15, 9);RemoveObject;(9, 6);1;736
0;0.0;MoveNorthEast;(15, 9);RemoveObject;(9, 6);1;737
0;0.0;MoveNorthEast;(15, 9);RemoveObject;(9, 6);1;738
0;0.0;MoveNorthEast;(16, 8);RemoveObject;(9, 6);1;739
0;0.0;;(16, 8);RemoveObject;(9, 6);1;740
0;0.0;;(16, 8);RemoveObject;(9, 6);1;741
0;0.0;;(16, 8);RemoveObject;(9, 6);1;742
0;0.0;;(16, 8);RemoveObject;(9, 6);1;743
0;0.0;;(16, 8);RemoveObject;(9, 6);1;744
0;0.0;;(16, 8);RemoveObject;(9, 6);1;745
0;0.0;;(16, 8);RemoveObject;(9, 6);1;746
0;0.0;;(16, 8);RemoveObject;(9, 6);1;747
0;0.0;;(16, 8);RemoveObject;(9, 6);1;748
0;0.0;;(16, 8);RemoveObject;(9, 6);1;749
0;0.0;;(16, 8);RemoveObject;(9, 6);1;750
0;0.0;;(16, 8);RemoveObject;(9, 6);1;751
0;0.0;;(16, 8);RemoveObject;(9, 6);1;752
0;0.0;;(16, 8);RemoveObject;(9, 6);1;753
0;0.0;;(16, 8);RemoveObject;(9, 6);1;754
0;0.0;;(16, 8);RemoveObject;(9, 6);1;755
0;0.0;;(16, 8);RemoveObject;(9, 6);1;756
0;0.0;;(16, 8);RemoveObject;(9, 6);1;757
0;0.0;;(16, 8);RemoveObject;(9, 6);1;758
0;0.0;;(16, 8);RemoveObject;(9, 6);1;759
0;0.0;;(16, 8);RemoveObject;(9, 6);1;760
0;0.0;;(16, 8);RemoveObject;(9, 6);1;761
0;0.0;;(16, 8);RemoveObject;(9, 6);1;762
0;0.0;;(16, 8);RemoveObject;(9, 6);1;763
0;0.0;;(16, 8);RemoveObject;(9, 6);1;764
0;0.0;;(16, 8);RemoveObject;(9, 6);1;765
0;0.0;;(16, 8);RemoveObject;(9, 6);1;766
0;0.0;;(16, 8);RemoveObject;(9, 6);1;767
0;0.0;;(16, 8);RemoveObject;(9, 6);1;768
0;0.0;;(16, 8);RemoveObject;(9, 6);1;769
0;0.0;;(16, 8);RemoveObject;(9, 6);1;770
0;0.0;;(16, 8);RemoveObject;(9, 6);1;771
0;0.0;;(16, 8);RemoveObject;(9, 6);1;772
0;0.0;;(16, 8);RemoveObject;(9, 6);1;773
0;0.0;;(16, 8);RemoveObject;(9, 6);1;774
0;0.0;;(16, 8);RemoveObject;(9, 6);1;775
0;0.0;;(16, 8);RemoveObject;(9, 6);1;776
0;0.0;;(16, 8);RemoveObject;(9, 6);1;777
0;0.0;;(16, 8);RemoveObject;(9, 6);1;778
0;0.0;;(16, 8);RemoveObject;(9, 6);1;779
0;0.0;;(16, 8);RemoveObject;(9, 6);1;780
0;0.0;;(16, 8);RemoveObject;(9, 6);1;781
0;0.0;;(16, 8);RemoveObject;(9, 6);1;782
0;0.0;;(16, 8);RemoveObject;(9, 6);1;783
0;0.0;;(16, 8);RemoveObject;(9, 6);1;784
0;0.0;;(16, 8);RemoveObject;(9, 6);1;785
0;0.0;;(16, 8);RemoveObject;(9, 6);1;786
0;0.0;;(16, 8);RemoveObject;(9, 6);1;787
0;0.0;;(16, 8);RemoveObject;(9, 6);1;788
0;0.0;;(16, 8);RemoveObject;(9, 6);1;789
0;0.0;;(16, 8);RemoveObject;(9, 6);1;790
0;0.0;;(16, 8);RemoveObject;(9, 6);1;791
0;0.0;;(16, 8);RemoveObject;(9, 6);1;792
0;0.0;;(16, 8);RemoveObject;(9, 6);1;793
0;0.0;;(16, 8);RemoveObject;(9, 6);1;794
0;0.0;;(16, 8);RemoveObject;(9, 6);1;795
0;0.0;;(16, 8);RemoveObject;(9, 6);1;796
0;0.0;;(16, 8);RemoveObject;(9, 6);1;797
0;0.0;;(16, 8);RemoveObject;(9, 6);1;798
0;0.0;;(16, 8);RemoveObject;(9, 6);1;799
0;0.0;;(16, 8);RemoveObject;(9, 6);1;800
0;0.0;;(16, 8);RemoveObject;(9, 6);1;801
0;0.0;;(16, 8);RemoveObject;(9, 6);1;802
0;0.0;;(16, 8);RemoveObject;(9, 6);1;803
0;0.0;;(16, 8);RemoveObject;(9, 6);1;804
0;0.0;;(16, 8);RemoveObject;(9, 6);1;805
0;0.0;;(16, 8);RemoveObject;(9, 6);1;806
0;0.0;;(16, 8);RemoveObject;(9, 6);1;807
0;0.0;;(16, 8);RemoveObject;(9, 6);1;808
0;0.0;;(16, 8);RemoveObject;(9, 6);1;809
0;0.0;;(16, 8);RemoveObject;(9, 6);1;810
0;0.0;;(16, 8);RemoveObject;(9, 6);1;811
0;0.0;;(16, 8);RemoveObject;(9, 6);1;812
0;0.0;;(16, 8);RemoveObject;(9, 6);1;813
0;0.0;;(16, 8);RemoveObject;(9, 6);1;814
0;0.0;;(16, 8);RemoveObject;(9, 6);1;815
0;0.0;;(16, 8);RemoveObject;(9, 6);1;816
0;0.0;;(16, 8);RemoveObject;(9, 6);1;817
0;0.0;;(16, 8);RemoveObject;(9, 6);1;818
0;0.0;;(16, 8);RemoveObject;(9, 6);1;819
0;0.0;;(16, 8);RemoveObject;(9, 6);1;820
0;0.0;;(16, 8);RemoveObject;(9, 6);1;821
0;0.0;;(16, 8);RemoveObject;(9, 6);1;822
0;0.0;;(16, 8);RemoveObject;(9, 6);1;823
0;0.0;;(16, 8);RemoveObject;(9, 6);1;824
0;0.0;;(16, 8);RemoveObject;(9, 6);1;825
0;0.0;;(16, 8);RemoveObject;(9, 6);1;826
0;0.0;;(16, 8);RemoveObject;(9, 6);1;827
0;0.0;;(16, 8);RemoveObject;(9, 6);1;828
0;0.0;;(16, 8);RemoveObject;(9, 6);1;829
0;0.0;;(16, 8);RemoveObject;(9, 6);1;830
0;0.0;;(16, 8);RemoveObject;(9, 6);1;831
0;0.0;;(16, 8);RemoveObject;(9, 6);1;832
0;0.0;;(16, 8);RemoveObject;(9, 6);1;833
0;0.0;;(16, 8);RemoveObject;(9, 6);1;834
0;0.0;;(16, 8);RemoveObject;(9, 6);1;835
0;0.0;;(16, 8);RemoveObject;(9, 6);1;836
0;0.0;;(16, 8);RemoveObject;(9, 6);1;837
0;0.0;;(16, 8);RemoveObject;(9, 6);1;838
0;0.0;;(16, 8);RemoveObject;(9, 6);1;839
0;0.0;;(16, 8);RemoveObject;(9, 6);1;840
0;0.0;;(16, 8);RemoveObject;(9, 6);1;841
0;0.0;;(16, 8);RemoveObject;(9, 6);1;842
0;0.0;;(16, 8);RemoveObject;(9, 6);1;843
0;0.0;;(16, 8);RemoveObject;(9, 6);1;844
0;0.0;;(16, 8);RemoveObject;(9, 6);1;845
0;0.0;;(16, 8);RemoveObject;(9, 6);1;846
0;0.0;;(16, 8);RemoveObject;(9, 6);1;847
0;0.0;;(16, 8);RemoveObject;(9, 6);1;848
0;0.0;;(16, 8);RemoveObject;(9, 6);1;849
0;0.0;;(16, 8);RemoveObject;(9, 6);1;850
0;0.0;;(16, 8);RemoveObject;(9, 6);1;851
0;0.0;;(16, 8);RemoveObject;(9, 6);1;852
0;0.0;;(16, 8);RemoveObject;(9, 6);1;853
0;0.0;;(16, 8);RemoveObject;(9, 6);1;854
0;0.0;;(16, 8);RemoveObject;(9, 6);1;855
0;0.0;;(16, 8);RemoveObject;(9, 6);1;856
0;0.0;;(16, 8);RemoveObject;(9, 6);1;857
0;0.0;;(16, 8);RemoveObject;(9, 6);1;858
0;0.0;;(16, 8);RemoveObject;(9, 6);1;859
0;0.0;;(16, 8);RemoveObject;(9, 6);1;860
0;0.0;;(16, 8);RemoveObject;(9, 6);1;861
0;0.0;;(16, 8);RemoveObject;(9, 6);1;862
0;0.0;;(16, 8);RemoveObject;(9, 6);1;863
0;0.0;;(16, 8);RemoveObject;(9, 6);1;864
0;0.0;;(16, 8);RemoveObject;(9, 6);1;865
0;0.0;;(16, 8);RemoveObject;(9, 6);1;866
0;0.0;;(16, 8);RemoveObject;(9, 6);1;867
0;0.0;;(16, 8);RemoveObject;(9, 6);1;868
0;0.0;;(16, 8);RemoveObject;(9, 6);1;869
0;0.0;;(16, 8);RemoveObject;(9, 6);1;870
0;0.0;;(16, 8);RemoveObject;(9, 6);1;871
0;0.0;;(16, 8);RemoveObject;(9, 6);1;872
0;0.0;;(16, 8);RemoveObject;(9, 6);1;873
0;0.0;;(16, 8);RemoveObject;(9, 6);1;874
0;0.0;;(16, 8);RemoveObject;(9, 6);1;875
0;0.0;;(16, 8);RemoveObject;(9, 6);1;876
0;0.0;;(16, 8);RemoveObject;(9, 6);1;877
0;0.0;;(16, 8);RemoveObject;(9, 6);1;878
0;0.0;Idle;(16, 8);RemoveObject;(9, 6);1;879
0;0.0;Idle;(16, 8);RemoveObject;(9, 6);1;880
0;0.0;Idle;(16, 8);RemoveObject;(9, 6);1;881
0;0.0;Idle;(16, 8);RemoveObject;(9, 6);1;882
0;0.0;Idle;(16, 8);RemoveObject;(9, 6);1;883
0;0.0;Idle;(16, 8);RemoveObject;(9, 6);1;884
0;0.0;Idle;(16, 8);RemoveObject;(9, 6);1;885
0;0.0;Idle;(16, 8);RemoveObject;(9, 6);1;886
0;0.0;Idle;(16, 8);RemoveObject;(9, 6);1;887
0;0.0;Idle;(16, 8);RemoveObject;(9, 6);1;888
0;0.0;Idle;(16, 8);RemoveObject;(9, 6);1;889
0;0.0;Idle;(16, 8);RemoveObject;(9, 6);1;890
0;0.0;Idle;(16, 8);RemoveObject;(9, 6);1;891
0;0.0;Idle;(16, 8);RemoveObject;(9, 6);1;892
0;0.0;Idle;(16, 8);;(9, 6);1;893
0;0.0;Idle;(16, 8);;(9, 6);1;894
0;0.0;Idle;(16, 8);;(9, 6);1;895
0;0.0;Idle;(16, 8);;(9, 6);1;896
0;0.0;Idle;(16, 8);;(9, 6);1;897
0;0.0;Idle;(16, 8);;(9, 6);1;898
0;0.0;Idle;(16, 8);;(9, 6);1;899
0;0.0;Idle;(16, 8);;(9, 6);1;900
0;0.0;Idle;(16, 8);;(9, 6);1;901
0;0.0;Idle;(16, 8);;(9, 6);1;902
0;0.0;Idle;(16, 8);;(9, 6);1;903
0;0.0;Idle;(16, 8);;(9, 6);1;904
0;0.0;MoveNorthWest;(16, 8);;(9, 6);1;905
0;0.0;MoveNorthWest;(16, 8);;(9, 6);1;906
0;0.0;MoveNorthWest;(16, 8);;(9, 6);1;907
0;0.0;MoveNorthWest;(16, 8);;(9, 6);1;908
0;0.0;MoveNorthWest;(16, 8);;(9, 6);1;909
0;0.0;MoveNorthWest;(16, 8);;(9, 6);1;910
0;0.0;MoveNorthWest;(16, 8);;(9, 6);1;911
0;0.0;MoveNorthWest;(16, 8);;(9, 6);1;912
0;0.0;MoveNorthWest;(15, 7);;(9, 6);1;913
0;0.0;MoveNorthWest;(15, 7);;(9, 6);1;914
0;0.0;MoveNorthWest;(15, 7);;(9, 6);1;915
0;0.0;MoveNorthWest;(15, 7);;(9, 6);1;916
0;0.0;MoveNorthWest;(15, 7);;(9, 6);1;917
0;0.0;MoveNorthWest;(15, 7);;(9, 6);1;918
0;0.0;MoveNorthWest;(15, 7);;(9, 6);1;919
0;0.0;MoveNorthWest;(15, 7);;(9, 6);1;920
0;0.0;MoveNorthWest;(15, 7);;(9, 6);1;921
0;0.0;MoveNorthWest;(14, 6);;(9, 6);1;922
0;0.0;MoveWest;(14, 6);;(9, 6);1;923
0;0.0;MoveWest;(14, 6);;(9, 6);1;924
0;0.0;MoveWest;(14, 6);;(9, 6);1;925
0;0.0;MoveWest;(14, 6);;(9, 6);1;926
0;0.0;MoveWest;(14, 6);;(9, 6);1;927
0;0.0;MoveWest;(14, 6);;(9, 6);1;928
0;0.0;MoveWest;(14, 6);;(9, 6);1;929
0;0.0;MoveWest;(14, 6);;(9, 6);1;930
0;0.0;MoveWest;(13, 6);MoveSouth;(9, 7);1;931
0;0.0;MoveWest;(13, 6);;(9, 7);1;932
0;0.0;MoveWest;(13, 6);MoveSouth;(9, 8);1;933
0;0.0;MoveWest;(13, 6);;(9, 8);1;934
0;0.0;MoveWest;(13, 6);;(9, 8);1;935
0;0.0;MoveWest;(13, 6);;(9, 8);1;936
0;0.0;MoveWest;(13, 6);;(9, 8);1;937
0;0.0;MoveWest;(13, 6);;(9, 8);1;938
0;0.0;MoveWest;(13, 6);;(9, 8);1;939
0;0.0;MoveWest;(12, 6);MoveSouth;(9, 9);1;940
0;0.0;MoveWest;(12, 6);;(9, 9);1;941
0;0.0;MoveWest;(12, 6);;(9, 9);1;942
0;0.0;MoveWest;(12, 6);;(9, 9);1;943
0;0.0;MoveWest;(12, 6);;(9, 9);1;944
0;0.0;MoveWest;(12, 6);;(9, 9);1;945
0;0.0;MoveWest;(12, 6);MoveWest;(8, 9);1;946
0;0.0;MoveWest;(12, 6);;(8, 9);1;947
0;0.0;MoveWest;(12, 6);;(8, 9);1;948
0;0.0;MoveWest;(12, 6);;(8, 9);1;949
0;0.0;MoveWest;(12, 6);;(8, 9);1;950
0;0.0;MoveWest;(12, 6);;(8, 9);1;951
0;0.0;MoveWest;(12, 6);;(8, 9);1;952
0;0.0;MoveWest;(12, 6);;(8, 9);1;953
0;0.0;MoveWest;(11, 6);;(8, 9);1;954
0;0.0;MoveWest;(11, 6);;(8, 9);1;955
0;0.0;MoveWest;(11, 6);;(8, 9);1;956
0;0.0;MoveWest;(11, 6);;(8, 9);1;957
0;0.0;MoveWest;(11, 6);;(8, 9);1;958
0;0.0;MoveWest;(11, 6);;(8, 9);1;959
0;0.0;MoveWest;(11, 6);;(8, 9);1;960
0;0.0;MoveWest;(11, 6);;(8, 9);1;961
0;0.0;MoveWest;(11, 6);;(8, 9);1;962
0;0.0;MoveWest;(11, 6);;(8, 9);1;963
0;0.0;MoveWest;(11, 6);;(8, 9);1;964
0;0.0;MoveWest;(11, 6);;(8, 9);1;965
0;0.0;MoveWest;(11, 6);;(8, 9);1;966
0;0.0;MoveWest;(11, 6);;(8, 9);1;967
0;0.0;MoveWest;(10, 6);;(8, 9);1;968
0;0.0;MoveWest;(10, 6);;(8, 9);1;969
0;0.0;MoveWest;(10, 6);;(8, 9);1;970
0;0.0;MoveWest;(10, 6);;(8, 9);1;971
0;0.0;MoveWest;(10, 6);;(8, 9);1;972
0;0.0;MoveWest;(10, 6);;(8, 9);1;973
0;0.0;MoveWest;(10, 6);;(8, 9);1;974
0;0.0;MoveWest;(10, 6);;(8, 9);1;975
0;0.0;MoveWest;(10, 6);;(8, 9);1;976
0;0.0;MoveWest;(10, 6);;(8, 9);1;977
0;0.0;MoveWest;(10, 6);;(8, 9);1;978
0;0.0;MoveWest;(10, 6);;(8, 9);1;979
0;0.0;MoveWest;(10, 6);;(8, 9);1;980
0;0.0;MoveWest;(10, 6);;(8, 9);1;981
0;0.0;MoveWest;(9, 6);;(8, 9);1;982
0;0.0;MoveSouth;(9, 6);;(8, 9);1;983
0;0.0;MoveSouth;(9, 6);;(8, 9);1;984
0;0.0;MoveSouth;(9, 6);;(8, 9);1;985
0;0.0;MoveSouth;(9, 6);;(8, 9);1;986
0;0.0;MoveSouth;(9, 6);;(8, 9);1;987
0;0.0;MoveSouth;(9, 6);;(8, 9);1;988
0;0.0;MoveSouth;(9, 6);;(8, 9);1;989
0;0.0;MoveSouth;(9, 6);;(8, 9);1;990
0;0.0;MoveSouth;(9, 7);;(8, 9);1;991
0;0.0;MoveSouthWest;(9, 7);;(8, 9);1;992
0;0.0;MoveSouthWest;(9, 7);;(8, 9);1;993
0;0.0;MoveSouthWest;(9, 7);;(8, 9);1;994
0;0.0;MoveSouthWest;(9, 7);;(8, 9);1;995
0;0.0;MoveSouthWest;(9, 7);;(8, 9);1;996
0;0.0;MoveSouthWest;(9, 7);;(8, 9);1;997
0;0.0;MoveSouthWest;(9, 7);;(8, 9);1;998
0;0.0;MoveSouthWest;(9, 7);;(8, 9);1;999
0;0.0;MoveSouthWest;(8, 8);;(8, 9);1;1000
0;0.0;MoveSouthEast;(8, 8);;(8, 9);1;1001
0;0.0;MoveSouthEast;(8, 8);;(8, 9);1;1002
0;0.0;MoveSouthEast;(8, 8);;(8, 9);1;1003
0;0.0;MoveSouthEast;(8, 8);;(8, 9);1;1004
0;0.0;MoveSouthEast;(8, 8);;(8, 9);1;1005
0;0.0;MoveSouthEast;(8, 8);;(8, 9);1;1006
0;0.0;MoveSouthEast;(8, 8);;(8, 9);1;1007
0;0.0;MoveSouthEast;(8, 8);;(8, 9);1;1008
0;0.0;MoveSouthEast;(9, 9);;(8, 9);1;1009
0;0.0;MoveNorthEast;(9, 9);;(8, 9);1;1010
0;0.0;MoveNorthEast;(9, 9);;(8, 9);1;1011
0;0.0;MoveNorthEast;(9, 9);;(8, 9);1;1012
0;0.0;MoveNorthEast;(9, 9);;(8, 9);1;1013
0;0.0;MoveNorthEast;(9, 9);;(8, 9);1;1014
0;0.0;MoveNorthEast;(9, 9);;(8, 9);1;1015
0;0.0;MoveNorthEast;(9, 9);;(8, 9);1;1016
0;0.0;MoveNorthEast;(9, 9);;(8, 9);1;1017
0;0.0;MoveNorthEast;(10, 8);;(8, 9);1;1018
0;0.0;;(10, 8);;(8, 9);1;1019
0;0.0;;(10, 8);;(8, 9);1;1020
0;0.0;;(10, 8);;(8, 9);1;1021
0;0.0;;(10, 8);;(8, 9);1;1022
0;0.0;;(10, 8);;(8, 9);1;1023
0;0.0;;(10, 8);;(8, 9);1;1024
0;0.0;;(10, 8);;(8, 9);1;1025
0;0.0;;(10, 8);;(8, 9);1;1026
0;0.0;;(10, 8);;(8, 9);1;1027
0;0.0;;(10, 8);;(8, 9);1;1028
0;0.0;;(10, 8);;(8, 9);1;1029
0;0.0;;(10, 8);;(8, 9);1;1030
0;0.0;;(10, 8);;(8, 9);1;1031
0;0.0;;(10, 8);;(8, 9);1;1032
0;0.0;;(10, 8);;(8, 9);1;1033
0;0.0;;(10, 8);;(8, 9);1;1034
0;0.0;;(10, 8);;(8, 9);1;1035
0;0.0;;(10, 8);;(8, 9);1;1036
0;0.0;;(10, 8);;(8, 9);1;1037
0;0.0;;(10, 8);;(8, 9);1;1038
0;0.0;;(10, 8);;(8, 9);1;1039
0;0.0;;(10, 8);;(8, 9);1;1040
0;0.0;;(10, 8);;(8, 9);1;1041
0;0.0;;(10, 8);;(8, 9);1;1042
0;0.0;;(10, 8);;(8, 9);1;1043
0;0.0;;(10, 8);;(8, 9);1;1044
0;0.0;;(10, 8);;(8, 9);1;1045
0;0.0;;(10, 8);;(8, 9);1;1046
0;0.0;;(10, 8);;(8, 9);1;1047
0;0.0;;(10, 8);;(8, 9);1;1048
0;0.0;;(10, 8);;(8, 9);1;1049
0;0.0;;(10, 8);;(8, 9);1;1050
0;0.0;;(10, 8);;(8, 9);1;1051
0;0.0;;(10, 8);;(8, 9);1;1052
0;0.0;;(10, 8);;(8, 9);1;1053
0;0.0;;(10, 8);;(8, 9);1;1054
0;0.0;;(10, 8);MoveEast;(9, 9);1;1055
0;0.0;;(10, 8);;(9, 9);1;1056
0;0.0;;(10, 8);;(9, 9);1;1057
0;0.0;;(10, 8);;(9, 9);1;1058
0;0.0;;(10, 8);;(9, 9);1;1059
0;0.0;;(10, 8);;(9, 9);1;1060
0;0.0;;(10, 8);MoveNorth;(9, 8);1;1061
0;0.0;;(10, 8);;(9, 8);1;1062
0;0.0;;(10, 8);;(9, 8);1;1063
0;0.0;;(10, 8);;(9, 8);1;1064
0;0.0;;(10, 8);;(9, 8);1;1065
0;0.0;;(10, 8);;(9, 8);1;1066
0;0.0;;(10, 8);;(9, 8);1;1067
0;0.0;;(10, 8);MoveSouth;(9, 9);1;1068
0;0.0;;(10, 8);;(9, 9);1;1069
0;0.0;;(10, 8);;(9, 9);1;1070
0;0.0;;(10, 8);;(9, 9);1;1071
0;0.0;;(10, 8);;(9, 9);1;1072
0;0.0;;(10, 8);;(9, 9);1;1073
0;0.0;;(10, 8);MoveWest;(8, 9);1;1074
0;0.0;;(10, 8);;(8, 9);1;1075
0;0.0;;(10, 8);;(8, 9);1;1076
0;0.0;;(10, 8);;(8, 9);1;1077
0;0.0;;(10, 8);;(8, 9);1;1078
0;0.0;;(10, 8);;(8, 9);1;1079
0;0.0;;(10, 8);;(8, 9);1;1080
0;0.0;;(10, 8);;(8, 9);1;1081
0;0.0;;(10, 8);;(8, 9);1;1082
0;0.0;;(10, 8);;(8, 9);1;1083
0;0.0;;(10, 8);;(8, 9);1;1084
0;0.0;;(10, 8);;(8, 9);1;1085
0;0.0;;(10, 8);;(8, 9);1;1086
0;0.0;;(10, 8);;(8, 9);1;1087
0;0.0;;(10, 8);;(8, 9);1;1088
0;0.0;Idle;(10, 8);;(8, 9);1;1089
0;0.0;Idle;(10, 8);;(8, 9);1;1090
0;0.0;Idle;(10, 8);;(8, 9);1;1091
0;0.0;Idle;(10, 8);;(8, 9);1;1092
0;0.0;Idle;(10, 8);;(8, 9);1;1093
0;0.0;Idle;(10, 8);;(8, 9);1;1094
0;0.0;Idle;(10, 8);;(8, 9);1;1095
0;0.0;Idle;(10, 8);;(8, 9);1;1096
0;0.0;Idle;(10, 8);;(8, 9);1;1097
0;0.0;Idle;(10, 8);;(8, 9);1;1098
0;0.0;Idle;(10, 8);;(8, 9);1;1099
0;0.0;Idle;(10, 8);;(8, 9);1;1100
0;0.0;Idle;(10, 8);;(8, 9);1;1101
0;0.0;Idle;(10, 8);;(8, 9);1;1102
0;0.0;Idle;(10, 8);;(8, 9);1;1103
0;0.0;Idle;(10, 8);;(8, 9);1;1104
0;0.0;Idle;(10, 8);;(8, 9);1;1105
0;0.0;Idle;(10, 8);;(8, 9);1;1106
0;0.0;Idle;(10, 8);;(8, 9);1;1107
0;0.0;Idle;(10, 8);;(8, 9);1;1108
0;0.0;Idle;(10, 8);;(8, 9);1;1109
0;0.0;Idle;(10, 8);;(8, 9);1;1110
0;0.0;Idle;(10, 8);;(8, 9);1;1111
0;0.0;Idle;(10, 8);;(8, 9);1;1112
0;0.0;Idle;(10, 8);;(8, 9);1;1113
0;0.0;Idle;(10, 8);;(8, 9);1;1114
0;0.0;MoveWest;(10, 8);;(8, 9);1;1115
0;0.0;MoveWest;(10, 8);;(8, 9);1;1116
0;0.0;MoveWest;(10, 8);;(8, 9);1;1117
0;0.0;MoveWest;(10, 8);;(8, 9);1;1118
0;0.0;MoveWest;(10, 8);;(8, 9);1;1119
0;0.0;MoveWest;(10, 8);;(8, 9);1;1120
0;0.0;MoveWest;(10, 8);;(8, 9);1;1121
0;0.0;MoveWest;(10, 8);;(8, 9);1;1122
0;0.0;MoveWest;(9, 8);;(8, 9);1;1123
0;0.0;MoveSouthWest;(9, 8);;(8, 9);1;1124
0;0.0;MoveSouthWest;(9, 8);;(8, 9);1;1125
0;0.0;MoveSouthWest;(9, 8);;(8, 9);1;1126
0;0.0;MoveSouthWest;(9, 8);;(8, 9);1;1127
0;0.0;MoveSouthWest;(9, 8);;(8, 9);1;1128
0;0.0;MoveSouthWest;(9, 8);;(8, 9);1;1129
0;0.0;MoveSouthWest;(9, 8);;(8, 9);1;1130
0;0.0;MoveSouthWest;(9, 8);;(8, 9);1;1131
0;0.0;MoveSouthWest;(8, 9);;(8, 9);1;1132
0;0.0;;(8, 9);;(8, 9);1;1133
0;0.0;;(8, 9);;(8, 9);1;1134
0;0.0;;(8, 9);;(8, 9);1;1135
0;0.0;;(8, 9);;(8, 9);1;1136
0;0.0;;(8, 9);;(8, 9);1;1137
0;0.0;;(8, 9);;(8, 9);1;1138
0;0.0;;(8, 9);CarryObjectTogether;(8, 9);1;1139
0;0.0;;(8, 9);;(8, 9);1;1140
0;0.0;;(8, 9);;(8, 9);1;1141
0;0.0;;(8, 9);;(8, 9);1;1142
0;0.0;;(8, 9);;(8, 9);1;1143
0;0.0;;(8, 9);;(8, 9);1;1144
0;0.0;;(8, 9);;(8, 9);1;1145
0;0.0;;(8, 9);MoveNorth;(8, 8);1;1146
0;0.0;;(8, 9);MoveEast;(9, 8);1;1147
0;0.0;;(8, 9);;(9, 8);1;1148
0;0.0;;(8, 9);MoveNorth;(9, 7);1;1149
0;0.0;;(8, 9);;(9, 7);1;1150
0;0.0;;(8, 9);MoveNorth;(9, 6);1;1151
0;0.0;;(8, 9);MoveEast;(10, 6);1;1152
0;0.0;;(8, 9);MoveNorth;(10, 6);1;1153
0;0.0;;(8, 9);MoveNorth;(10, 6);1;1154
0;0.0;;(8, 9);MoveNorth;(10, 6);1;1155
0;0.0;;(8, 9);MoveNorth;(10, 6);1;1156
0;0.0;;(8, 9);MoveNorth;(10, 6);1;1157
0;0.0;;(8, 9);MoveNorth;(10, 5);1;1158
0;0.0;;(8, 9);MoveEast;(10, 5);1;1159
0;0.0;;(8, 9);MoveEast;(10, 5);1;1160
0;0.0;;(8, 9);MoveEast;(10, 5);1;1161
0;0.0;;(8, 9);MoveEast;(10, 5);1;1162
0;0.0;;(8, 9);MoveEast;(10, 5);1;1163
0;0.0;;(8, 9);MoveEast;(11, 5);1;1164
0;0.0;;(8, 9);MoveEast;(12, 5);1;1165
0;0.0;;(8, 9);MoveEast;(13, 5);1;1166
0;0.0;;(8, 9);;(13, 5);1;1167
0;0.0;;(8, 9);;(13, 5);1;1168
0;0.0;;(8, 9);MoveEast;(14, 5);1;1169
0;0.0;;(8, 9);MoveEast;(15, 5);1;1170
0;0.0;;(8, 9);MoveEast;(16, 5);1;1171
0;0.0;;(8, 9);;(16, 5);1;1172
0;0.0;;(8, 9);MoveEast;(17, 5);1;1173
0;0.0;;(8, 9);;(17, 5);1;1174
0;0.0;;(8, 9);MoveEast;(18, 5);1;1175
0;0.0;;(8, 9);MoveEast;(19, 5);1;1176
0;0.0;;(8, 9);;(19, 5);1;1177
0;0.0;;(8, 9);;(19, 5);1;1178
0;0.0;;(8, 9);;(19, 5);1;1179
0;0.0;;(8, 9);;(19, 5);1;1180
0;0.0;;(8, 9);MoveEast;(19, 5);1;1181
0;0.0;;(8, 9);MoveEast;(19, 5);1;1182
0;0.0;;(8, 9);MoveEast;(19, 5);1;1183
0;0.0;;(8, 9);MoveEast;(19, 5);1;1184
0;0.0;;(8, 9);MoveEast;(19, 5);1;1185
0;0.0;;(8, 9);MoveEast;(20, 5);1;1186
0;0.0;;(8, 9);MoveEast;(20, 5);1;1187
0;0.0;;(8, 9);MoveEast;(20, 5);1;1188
0;0.0;;(8, 9);MoveEast;(20, 5);1;1189
0;0.0;;(8, 9);MoveEast;(20, 5);1;1190
0;0.0;;(8, 9);MoveEast;(20, 5);1;1191
0;0.0;;(8, 9);MoveEast;(21, 5);1;1192
0;0.0;;(8, 9);MoveEast;(22, 5);1;1193
0;0.0;;(8, 9);;(22, 5);1;1194
0;0.0;;(8, 9);;(22, 5);1;1195
0;0.0;;(8, 9);;(22, 5);1;1196
0;0.0;;(8, 9);;(22, 5);1;1197
0;0.0;;(8, 9);MoveSouth;(22, 5);1;1198
0;0.0;;(8, 9);MoveSouth;(22, 5);1;1199
0;0.0;;(8, 9);MoveSouth;(22, 5);1;1200
0;0.0;;(8, 9);MoveSouth;(22, 5);1;1201
0;0.0;;(8, 9);MoveSouth;(22, 5);1;1202
0;0.0;;(8, 9);MoveSouth;(22, 6);1;1203
0;0.0;;(8, 9);MoveSouth;(22, 7);1;1204
0;0.0;;(8, 9);MoveSouth;(22, 8);1;1205
0;0.0;;(8, 9);;(22, 8);1;1206
0;0.0;;(8, 9);MoveSouth;(22, 9);1;1207
0;0.0;;(8, 9);;(22, 9);1;1208
0;0.0;;(8, 9);MoveSouth;(22, 10);1;1209
0;0.0;;(8, 9);;(22, 10);1;1210
0;0.0;;(8, 9);;(22, 10);1;1211
0;0.0;;(8, 9);;(22, 10);1;1212
0;0.0;;(8, 9);;(22, 10);1;1213
0;0.0;;(8, 9);;(22, 10);1;1214
0;0.0;;(8, 9);;(22, 10);1;1215
0;0.0;;(8, 9);MoveSouth;(22, 11);1;1216
0;0.0;;(8, 9);;(22, 11);1;1217
0;0.0;;(8, 9);;(22, 11);1;1218
0;0.0;;(8, 9);;(22, 11);1;1219
0;0.0;;(8, 9);;(22, 11);1;1220
0;0.0;;(8, 9);;(22, 11);1;1221
0;0.0;;(8, 9);MoveEast;(23, 11);1;1222
0;0.0;;(8, 9);;(23, 11);1;1223
0;0.0;;(8, 9);;(23, 11);1;1224
0;0.0;;(8, 9);;(23, 11);1;1225
0;0.0;;(8, 9);;(23, 11);1;1226
0;0.0;;(8, 9);;(23, 11);1;1227
0;0.0;;(8, 9);;(23, 11);1;1228
0;0.0;;(8, 9);;(23, 11);1;1229
0;0.0;;(8, 9);;(23, 11);1;1230
0;0.0;;(8, 9);;(23, 11);1;1231
0;0.0;;(8, 9);;(23, 11);1;1232
0;0.0;;(8, 9);;(23, 11);1;1233
0;0.0;;(8, 9);;(23, 11);1;1234
0;0.0;;(8, 9);Drop;(23, 11);1;1235
0;0.0;;(8, 9);;(23, 11);1;1236
0;0.0;;(8, 9);;(23, 11);1;1237
0;0.0;;(8, 9);;(23, 11);1;1238
0;0.0;;(8, 9);;(23, 11);1;1239
0;0.0;;(8, 9);;(23, 11);1;1240
0;0.0;;(8, 9);;(23, 11);1;1241
0;0.0;;(8, 9);;(23, 11);1;1242
0;0.0;;(8, 9);;(23, 11);1;1243
0;0.0;;(8, 9);;(23, 11);1;1244
0;0.0;;(8, 9);;(23, 11);1;1245
0;0.0;;(8, 9);;(23, 11);1;1246
0;0.0;;(8, 9);;(23, 11);1;1247
0;0.0;;(8, 9);;(23, 11);1;1248
0;0.0;;(8, 9);;(23, 11);1;1249
0;0.0;;(8, 9);;(23, 11);1;1250
0;0.0;;(8, 9);;(23, 11);1;1251
0;0.0;;(8, 9);;(23, 11);1;1252
0;0.0;;(8, 9);Drop;(23, 11);1;1253
0;0.0;;(8, 9);;(23, 11);1;1254
0;0.0;;(8, 9);MoveWest;(22, 11);1;1255
0;0.0;;(8, 9);;(22, 11);1;1256
0;0.0;;(8, 9);;(22, 11);1;1257
0;0.0;;(8, 9);;(22, 11);1;1258
0;0.0;;(8, 9);;(22, 11);1;1259
0;0.0;;(8, 9);;(22, 11);1;1260
0;0.0;;(8, 9);MoveEast;(23, 11);1;1261
0;0.0;;(8, 9);;(23, 11);1;1262
0;0.0;;(8, 9);;(23, 11);1;1263
0;0.0;;(8, 9);;(23, 11);1;1264
0;0.0;;(8, 9);;(23, 11);1;1265
0;0.0;;(8, 9);;(23, 11);1;1266
0;0.0;;(8, 9);;(23, 11);1;1267
0;0.0;;(8, 9);;(23, 11);1;1268
0;0.0;;(8, 9);;(23, 11);1;1269
0;0.0;;(8, 9);;(23, 11);1;1270
6;0.125;;(23, 11);DropObjectTogether;(23, 11);1;1271
6;0.125;MoveWest;(23, 11);;(23, 11);1;1272
6;0.125;MoveWest;(23, 11);;(23, 11);1;1273
6;0.125;MoveWest;(23, 11);;(23, 11);1;1274
6;0.125;MoveWest;(23, 11);;(23, 11);1;1275
6;0.125;MoveWest;(23, 11);;(23, 11);1;1276
6;0.125;MoveWest;(23, 11);MoveWest;(22, 11);1;1277
6;0.125;MoveWest;(23, 11);;(22, 11);1;1278
6;0.125;MoveWest;(23, 11);;(22, 11);1;1279
6;0.125;MoveWest;(22, 11);;(22, 11);1;1280
6;0.125;MoveNorthWest;(22, 11);MoveWest;(21, 11);1;1281
6;0.125;MoveNorthWest;(22, 11);MoveWest;(20, 11);1;1282
6;0.125;MoveNorthWest;(22, 11);MoveWest;(19, 11);1;1283
6;0.125;MoveNorthWest;(22, 11);MoveWest;(18, 11);1;1284
6;0.125;MoveNorthWest;(22, 11);MoveWest;(18, 11);1;1285
6;0.125;MoveNorthWest;(22, 11);MoveWest;(18, 11);1;1286
6;0.125;MoveNorthWest;(22, 11);MoveWest;(18, 11);1;1287
6;0.125;MoveNorthWest;(22, 11);MoveWest;(18, 11);1;1288
6;0.125;MoveNorthWest;(21, 10);MoveWest;(18, 11);1;1289
6;0.125;MoveNorthWest;(21, 10);MoveWest;(17, 11);1;1290
6;0.125;MoveNorthWest;(21, 10);MoveWest;(17, 11);1;1291
6;0.125;MoveNorthWest;(21, 10);MoveWest;(17, 11);1;1292
6;0.125;MoveNorthWest;(21, 10);MoveWest;(17, 11);1;1293
6;0.125;MoveNorthWest;(21, 10);MoveWest;(17, 11);1;1294
6;0.125;MoveNorthWest;(21, 10);MoveWest;(17, 11);1;1295
6;0.125;MoveNorthWest;(21, 10);MoveWest;(16, 11);1;1296
6;0.125;MoveNorthWest;(21, 10);MoveNorth;(16, 11);1;1297
6;0.125;MoveNorthWest;(20, 9);MoveNorth;(16, 11);1;1298
6;0.125;MoveNorthWest;(20, 9);MoveNorth;(16, 11);1;1299
6;0.125;MoveNorthWest;(20, 9);MoveNorth;(16, 11);1;1300
6;0.125;MoveNorthWest;(20, 9);MoveNorth;(16, 11);1;1301
6;0.125;MoveNorthWest;(20, 9);MoveNorth;(16, 11);1;1302
6;0.125;MoveNorthWest;(20, 9);MoveEast;(16, 11);1;1303
6;0.125;MoveNorthWest;(20, 9);MoveEast;(16, 11);1;1304
6;0.125;MoveNorthWest;(20, 9);MoveEast;(16, 11);1;1305
6;0.125;MoveNorthWest;(20, 9);MoveEast;(16, 11);1;1306
6;0.125;MoveNorthWest;(19, 8);MoveEast;(16, 11);1;1307
6;0.125;MoveNorthWest;(19, 8);MoveEast;(17, 11);1;1308
6;0.125;MoveNorthWest;(19, 8);MoveEast;(17, 11);1;1309
6;0.125;MoveNorthWest;(19, 8);MoveEast;(17, 11);1;1310
6;0.125;MoveNorthWest;(19, 8);MoveEast;(17, 11);1;1311
6;0.125;MoveNorthWest;(19, 8);MoveEast;(17, 11);1;1312
6;0.125;MoveNorthWest;(19, 8);MoveEast;(17, 11);1;1313
6;0.125;MoveNorthWest;(19, 8);MoveEast;(18, 11);1;1314
6;0.125;MoveNorthWest;(19, 8);MoveEast;(18, 11);1;1315
6;0.125;MoveNorthWest;(19, 8);MoveEast;(18, 11);1;1316
6;0.125;MoveNorthWest;(19, 8);MoveEast;(18, 11);1;1317
6;0.125;MoveNorthWest;(19, 8);MoveEast;(18, 11);1;1318
6;0.125;MoveNorthWest;(19, 8);MoveEast;(18, 11);1;1319
6;0.125;MoveNorthWest;(19, 8);MoveEast;(19, 11);1;1320
6;0.125;MoveNorthWest;(18, 7);MoveEast;(20, 11);1;1321
6;0.125;MoveNorthWest;(18, 7);;(20, 11);1;1322
6;0.125;MoveNorthWest;(18, 7);;(20, 11);1;1323
6;0.125;MoveNorthWest;(18, 7);;(20, 11);1;1324
6;0.125;MoveNorthWest;(18, 7);;(20, 11);1;1325
6;0.125;MoveNorthWest;(18, 7);;(20, 11);1;1326
6;0.125;MoveNorthWest;(18, 7);;(20, 11);1;1327
6;0.125;MoveNorthWest;(18, 7);MoveNorth;(20, 10);1;1328
6;0.125;MoveNorthWest;(18, 7);MoveNorth;(20, 9);1;1329
6;0.125;MoveNorthWest;(17, 6);;(20, 9);1;1330
6;0.125;MoveWest;(17, 6);MoveNorth;(20, 8);1;1331
6;0.125;MoveWest;(17, 6);;(20, 8);1;1332
6;0.125;MoveWest;(17, 6);MoveNorth;(20, 7);1;1333
6;0.125;MoveWest;(17, 6);;(20, 7);1;1334
6;0.125;MoveWest;(17, 6);;(20, 7);1;1335
6;0.125;MoveWest;(17, 6);;(20, 7);1;1336
6;0.125;MoveWest;(17, 6);;(20, 7);1;1337
6;0.125;MoveWest;(17, 6);;(20, 7);1;1338
6;0.125;MoveWest;(16, 6);;(20, 7);1;1339
6;0.125;MoveWest;(16, 6);;(20, 7);1;1340
6;0.125;MoveWest;(16, 6);MoveWest;(19, 7);1;1341
6;0.125;MoveWest;(16, 6);;(19, 7);1;1342
6;0.125;MoveWest;(16, 6);MoveWest;(19, 7);1;1343
6;0.125;MoveWest;(16, 6);MoveWest;(19, 7);1;1344
6;0.125;MoveWest;(16, 6);MoveWest;(19, 7);1;1345
6;0.125;MoveWest;(16, 6);MoveWest;(19, 7);1;1346
6;0.125;MoveWest;(16, 6);MoveWest;(19, 7);1;1347
6;0.125;MoveWest;(15, 6);MoveWest;(18, 7);1;1348
6;0.125;MoveWest;(15, 6);MoveNorth;(18, 6);1;1349
6;0.125;MoveWest;(15, 6);MoveWest;(17, 6);1;1350
6;0.125;MoveWest;(15, 6);;(17, 6);1;1351
6;0.125;MoveWest;(15, 6);;(17, 6);1;1352
6;0.125;MoveWest;(15, 6);;(17, 6);1;1353
6;0.125;MoveWest;(15, 6);;(17, 6);1;1354
6;0.125;MoveWest;(15, 6);;(17, 6);1;1355
6;0.125;MoveWest;(15, 6);;(17, 6);1;1356
6;0.125;MoveWest;(14, 6);;(17, 6);1;1357
6;0.125;MoveWest;(14, 6);MoveWest;(16, 6);1;1358
6;0.125;MoveWest;(14, 6);;(16, 6);1;1359
6;0.125;MoveWest;(14, 6);MoveWest;(15, 6);1;1360
6;0.125;MoveWest;(14, 6);;(15, 6);1;1361
6;0.125;MoveWest;(14, 6);;(15, 6);1;1362
6;0.125;MoveWest;(14, 6);;(15, 6);1;1363
6;0.125;MoveWest;(14, 6);;(15, 6);1;1364
6;0.125;MoveWest;(14, 6);;(15, 6);1;1365
6;0.125;MoveWest;(13, 6);;(15, 6);1;1366
6;0.125;MoveWest;(13, 6);MoveSouth;(15, 7);1;1367
6;0.125;MoveWest;(13, 6);;(15, 7);1;1368
6;0.125;MoveWest;(13, 6);MoveSouth;(15, 8);1;1369
6;0.125;MoveWest;(13, 6);;(15, 8);1;1370
6;0.125;MoveWest;(13, 6);MoveSouth;(15, 9);1;1371
6;0.125;MoveWest;(13, 6);;(15, 9);1;1372
6;0.125;MoveWest;(13, 6);MoveSouth;(15, 9);1;1373
6;0.125;MoveWest;(13, 6);;(15, 9);1;1374
6;0.125;MoveWest;(12, 6);;(15, 9);1;1375
6;0.125;MoveWest;(12, 6);;(15, 9);1;1376
6;0.125;MoveWest;(12, 6);MoveWest;(14, 9);1;1377
6;0.125;MoveWest;(12, 6);;(14, 9);1;1378
6;0.125;MoveWest;(12, 6);MoveNorth;(14, 8);1;1379
6;0.125;MoveWest;(12, 6);;(14, 8);1;1380
6;0.125;MoveWest;(12, 6);;(14, 8);1;1381
6;0.125;MoveWest;(12, 6);;(14, 8);1;1382
6;0.125;MoveWest;(12, 6);MoveNorth;(14, 8);1;1383
6;0.125;MoveWest;(12, 6);;(14, 8);1;1384
6;0.125;MoveWest;(12, 6);;(14, 8);1;1385
6;0.125;MoveWest;(12, 6);;(14, 8);1;1386
6;0.125;MoveWest;(12, 6);;(14, 8);1;1387
6;0.125;MoveWest;(12, 6);;(14, 8);1;1388
6;0.125;MoveWest;(11, 6);;(14, 8);1;1389
6;0.125;MoveNorthWest;(11, 6);;(14, 8);1;1390
6;0.125;MoveNorthWest;(11, 6);;(14, 8);1;1391
6;0.125;MoveNorthWest;(11, 6);;(14, 8);1;1392
6;0.125;MoveNorthWest;(11, 6);;(14, 8);1;1393
6;0.125;MoveNorthWest;(11, 6);;(14, 8);1;1394
6;0.125;MoveNorthWest;(11, 6);;(14, 8);1;1395
6;0.125;MoveNorthWest;(11, 6);;(14, 8);1;1396
6;0.125;MoveNorthWest;(11, 6);;(14, 8);1;1397
6;0.125;MoveNorthWest;(11, 6);;(14, 8);1;1398
6;0.125;MoveNorthWest;(11, 6);;(14, 8);1;1399
6;0.125;MoveNorthWest;(11, 6);;(14, 8);1;1400
6;0.125;MoveNorthWest;(11, 6);;(14, 8);1;1401
6;0.125;MoveNorthWest;(11, 6);;(14, 8);1;1402
6;0.125;MoveNorthWest;(10, 5);;(14, 8);1;1403
6;0.125;MoveWest;(10, 5);;(14, 8);1;1404
6;0.125;MoveWest;(10, 5);;(14, 8);1;1405
6;0.125;MoveWest;(10, 5);CarryObject;(14, 8);1;1406
6;0.125;MoveWest;(10, 5);;(14, 8);1;1407
6;0.125;MoveWest;(10, 5);;(14, 8);1;1408
6;0.125;MoveWest;(10, 5);;(14, 8);1;1409
6;0.125;MoveWest;(10, 5);MoveEast;(15, 8);1;1410
6;0.125;MoveWest;(10, 5);;(15, 8);1;1411
6;0.125;MoveWest;(10, 5);MoveNorth;(15, 7);1;1412
6;0.125;MoveWest;(10, 5);MoveEast;(15, 7);1;1413
6;0.125;MoveWest;(10, 5);;(15, 7);1;1414
6;0.125;MoveWest;(10, 5);MoveNorth;(15, 6);1;1415
6;0.125;MoveWest;(10, 5);;(15, 6);1;1416
6;0.125;MoveWest;(9, 5);;(15, 6);1;1417
6;0.125;MoveNorth;(9, 5);MoveEast;(16, 6);1;1418
6;0.125;MoveNorth;(9, 5);MoveEast;(17, 6);1;1419
6;0.125;MoveNorth;(9, 5);;(17, 6);1;1420
6;0.125;MoveNorth;(9, 5);MoveEast;(18, 6);1;1421
6;0.125;MoveNorth;(9, 5);MoveEast;(19, 6);1;1422
6;0.125;MoveNorth;(9, 5);;(19, 6);1;1423
6;0.125;MoveNorth;(9, 5);MoveEast;(19, 6);1;1424
6;0.125;MoveNorth;(9, 5);MoveEast;(19, 6);1;1425
6;0.125;MoveNorth;(9, 4);MoveEast;(19, 6);1;1426
6;0.125;MoveNorthWest;(9, 4);MoveEast;(19, 6);1;1427
6;0.125;MoveNorthWest;(9, 4);MoveEast;(19, 6);1;1428
6;0.125;MoveNorthWest;(9, 4);MoveEast;(20, 6);1;1429
6;0.125;MoveNorthWest;(9, 4);MoveEast;(21, 6);1;1430
6;0.125;MoveNorthWest;(9, 4);;(21, 6);1;1431
6;0.125;MoveNorthWest;(9, 4);MoveEast;(22, 6);1;1432
6;0.125;MoveNorthWest;(9, 4);;(22, 6);1;1433
6;0.125;MoveNorthWest;(9, 4);;(22, 6);1;1434
6;0.125;MoveNorthWest;(8, 3);;(22, 6);1;1435
6;0.125;MoveNorth;(8, 3);;(22, 6);1;1436
6;0.125;MoveNorth;(8, 3);;(22, 6);1;1437
6;0.125;MoveNorth;(8, 3);;(22, 6);1;1438
6;0.125;MoveNorth;(8, 3);;(22, 6);1;1439
6;0.125;MoveNorth;(8, 3);MoveEast;(23, 6);1;1440
6;0.125;MoveNorth;(8, 3);;(23, 6);1;1441
6;0.125;MoveNorth;(8, 3);;(23, 6);1;1442
6;0.125;MoveNorth;(8, 3);MoveSouth;(23, 7);1;1443
6;0.125;MoveNorth;(8, 2);;(23, 7);1;1444
6;0.125;MoveSouthEast;(8, 2);MoveSouth;(23, 8);1;1445
6;0.125;MoveSouthEast;(8, 2);;(23, 8);1;1446
6;0.125;MoveSouthEast;(8, 2);;(23, 8);1;1447
6;0.125;MoveSouthEast;(8, 2);MoveSouth;(23, 9);1;1448
6;0.125;MoveSouthEast;(8, 2);MoveSouth;(23, 10);1;1449
6;0.125;MoveSouthEast;(8, 2);MoveSouth;(23, 11);1;1450
6;0.125;MoveSouthEast;(8, 2);MoveSouth;(23, 12);1;1451
6;0.125;MoveSouthEast;(8, 2);;(23, 12);1;1452
6;0.125;MoveSouthEast;(9, 3);;(23, 12);1;1453
6;0.125;MoveNorthEast;(9, 3);MoveSouth;(23, 13);1;1454
6;0.125;MoveNorthEast;(9, 3);;(23, 13);1;1455
6;0.125;MoveNorthEast;(9, 3);;(23, 13);1;1456
6;0.125;MoveNorthEast;(9, 3);;(23, 13);1;1457
6;0.125;MoveNorthEast;(9, 3);;(23, 13);1;1458
6;0.125;MoveNorthEast;(9, 3);;(23, 13);1;1459
6;0.125;MoveNorthEast;(9, 3);;(23, 13);1;1460
6;0.125;MoveNorthEast;(9, 3);;(23, 13);1;1461
6;0.125;MoveNorthEast;(10, 2);MoveSouth;(23, 14);1;1462
6;0.125;;(10, 2);;(23, 14);1;1463
6;0.125;;(10, 2);;(23, 14);1;1464
6;0.125;;(10, 2);;(23, 14);1;1465
6;0.125;;(10, 2);;(23, 14);1;1466
6;0.125;;(10, 2);;(23, 14);1;1467
6;0.125;;(10, 2);;(23, 14);1;1468
6;0.125;;(10, 2);;(23, 14);1;1469
6;0.125;;(10, 2);;(23, 14);1;1470
6;0.125;;(10, 2);;(23, 14);1;1471
6;0.125;;(10, 2);;(23, 14);1;1472
6;0.125;;(10, 2);;(23, 14);1;1473
6;0.125;;(10, 2);;(23, 14);1;1474
6;0.125;;(10, 2);;(23, 14);1;1475
6;0.125;;(10, 2);;(23, 14);1;1476
6;0.125;;(10, 2);;(23, 14);1;1477
6;0.125;;(10, 2);;(23, 14);1;1478
6;0.125;;(10, 2);;(23, 14);1;1479
6;0.125;;(10, 2);;(23, 14);1;1480
6;0.125;;(10, 2);;(23, 14);1;1481
6;0.125;;(10, 2);;(23, 14);1;1482
6;0.125;;(10, 2);;(23, 14);1;1483
6;0.125;;(10, 2);;(23, 14);1;1484
6;0.125;;(10, 2);;(23, 14);1;1485
6;0.125;;(10, 2);;(23, 14);1;1486
6;0.125;;(10, 2);;(23, 14);1;1487
6;0.125;;(10, 2);;(23, 14);1;1488
6;0.125;;(10, 2);;(23, 14);1;1489
6;0.125;;(10, 2);;(23, 14);1;1490
6;0.125;;(10, 2);;(23, 14);1;1491
6;0.125;;(10, 2);;(23, 14);1;1492
6;0.125;;(10, 2);;(23, 14);1;1493
6;0.125;;(10, 2);;(23, 14);1;1494
6;0.125;;(10, 2);;(23, 14);1;1495
9;0.25;;(10, 2);Drop;(23, 14);1;1496
9;0.25;;(10, 2);;(23, 14);1;1497
9;0.25;;(10, 2);;(23, 14);1;1498
9;0.25;;(10, 2);;(23, 14);1;1499
9;0.25;;(10, 2);;(23, 14);1;1500
9;0.25;;(10, 2);MoveWest;(22, 14);1;1501
9;0.25;;(10, 2);;(22, 14);1;1502
9;0.25;;(10, 2);;(22, 14);1;1503
9;0.25;;(10, 2);;(22, 14);1;1504
9;0.25;;(10, 2);;(22, 14);1;1505
9;0.25;;(10, 2);;(22, 14);1;1506
9;0.25;;(10, 2);;(22, 14);1;1507
9;0.25;;(10, 2);MoveWest;(21, 14);1;1508
9;0.25;;(10, 2);;(21, 14);1;1509
9;0.25;;(10, 2);;(21, 14);1;1510
9;0.25;;(10, 2);;(21, 14);1;1511
9;0.25;;(10, 2);MoveNorth;(21, 13);1;1512
9;0.25;;(10, 2);;(21, 13);1;1513
9;0.25;;(10, 2);MoveNorth;(21, 12);1;1514
9;0.25;;(10, 2);;(21, 12);1;1515
9;0.25;;(10, 2);MoveNorth;(21, 11);1;1516
9;0.25;;(10, 2);MoveNorth;(21, 10);1;1517
9;0.25;;(10, 2);;(21, 10);1;1518
9;0.25;;(10, 2);;(21, 10);1;1519
9;0.25;;(10, 2);MoveNorth;(21, 9);1;1520
9;0.25;;(10, 2);;(21, 9);1;1521
9;0.25;;(10, 2);MoveNorth;(21, 8);1;1522
9;0.25;;(10, 2);MoveWest;(20, 8);1;1523
9;0.25;;(10, 2);;(20, 8);1;1524
9;0.25;;(10, 2);MoveWest;(19, 8);1;1525
9;0.25;;(10, 2);;(19, 8);1;1526
9;0.25;;(10, 2);MoveWest;(19, 8);1;1527
9;0.25;;(10, 2);MoveWest;(19, 8);1;1528
9;0.25;;(10, 2);MoveWest;(19, 8);1;1529
9;0.25;;(10, 2);MoveWest;(19, 8);1;1530
9;0.25;;(10, 2);MoveWest;(19, 8);1;1531
9;0.25;;(10, 2);MoveWest;(18, 8);1;1532
9;0.25;;(10, 2);MoveWest;(18, 8);1;1533
9;0.25;;(10, 2);;(18, 8);1;1534
9;0.25;;(10, 2);MoveWest;(18, 8);1;1535
9;0.25;;(10, 2);;(18, 8);1;1536
9;0.25;;(10, 2);MoveWest;(18, 8);1;1537
9;0.25;;(10, 2);MoveNorth;(18, 7);1;1538
9;0.25;;(10, 2);;(18, 7);1;1539
9;0.25;;(10, 2);MoveNorth;(18, 6);1;1540
9;0.25;;(10, 2);MoveNorth;(18, 5);1;1541
9;0.25;;(10, 2);;(18, 5);1;1542
9;0.25;;(10, 2);;(18, 5);1;1543
9;0.25;;(10, 2);MoveWest;(17, 5);1;1544
9;0.25;;(10, 2);;(17, 5);1;1545
9;0.25;;(10, 2);MoveWest;(16, 5);1;1546
9;0.25;;(10, 2);MoveWest;(15, 5);1;1547
9;0.25;;(10, 2);;(15, 5);1;1548
9;0.25;;(10, 2);;(15, 5);1;1549
9;0.25;;(10, 2);MoveWest;(14, 5);1;1550
9;0.25;;(10, 2);MoveWest;(13, 5);1;1551
9;0.25;;(10, 2);;(13, 5);1;1552
9;0.25;;(10, 2);MoveWest;(12, 5);1;1553
9;0.25;;(10, 2);MoveWest;(11, 5);1;1554
9;0.25;;(10, 2);MoveWest;(10, 5);1;1555
9;0.25;;(10, 2);;(10, 5);1;1556
9;0.25;;(10, 2);MoveWest;(10, 5);1;1557
9;0.25;;(10, 2);MoveWest;(10, 5);1;1558
9;0.25;;(10, 2);MoveWest;(10, 5);1;1559
9;0.25;;(10, 2);MoveWest;(10, 5);1;1560
9;0.25;;(10, 2);MoveWest;(10, 5);1;1561
9;0.25;;(10, 2);MoveWest;(9, 5);1;1562
9;0.25;;(10, 2);MoveWest;(8, 5);1;1563
9;0.25;;(10, 2);;(8, 5);1;1564
9;0.25;;(10, 2);;(8, 5);1;1565
9;0.25;;(10, 2);;(8, 5);1;1566
9;0.25;;(10, 2);;(8, 5);1;1567
9;0.25;;(10, 2);;(8, 5);1;1568
9;0.25;;(10, 2);;(8, 5);1;1569
9;0.25;;(10, 2);MoveEast;(8, 5);1;1570
9;0.25;;(10, 2);MoveEast;(8, 5);1;1571
9;0.25;;(10, 2);MoveEast;(8, 5);1;1572
9;0.25;;(10, 2);MoveEast;(8, 5);1;1573
9;0.25;;(10, 2);MoveEast;(8, 5);1;1574
9;0.25;;(10, 2);MoveEast;(9, 5);1;1575
9;0.25;;(10, 2);;(9, 5);1;1576
9;0.25;;(10, 2);;(9, 5);1;1577
9;0.25;;(10, 2);;(9, 5);1;1578
9;0.25;;(10, 2);;(9, 5);1;1579
9;0.25;;(10, 2);;(9, 5);1;1580
9;0.25;;(10, 2);MoveNorth;(9, 4);1;1581
9;0.25;;(10, 2);;(9, 4);1;1582
9;0.25;;(10, 2);;(9, 4);1;1583
9;0.25;;(10, 2);;(9, 4);1;1584
9;0.25;;(10, 2);;(9, 4);1;1585
9;0.25;;(10, 2);;(9, 4);1;1586
9;0.25;;(10, 2);;(9, 4);1;1587
9;0.25;;(10, 2);MoveNorth;(9, 3);1;1588
9;0.25;;(10, 2);;(9, 3);1;1589
9;0.25;;(10, 2);;(9, 3);1;1590
9;0.25;;(10, 2);;(9, 3);1;1591
9;0.25;;(10, 2);;(9, 3);1;1592
9;0.25;;(10, 2);;(9, 3);1;1593
9;0.25;;(10, 2);;(9, 3);1;1594
9;0.25;;(10, 2);;(9, 3);1;1595
9;0.25;;(10, 2);;(9, 3);1;1596
9;0.25;;(10, 2);;(9, 3);1;1597
9;0.25;;(10, 2);;(9, 3);1;1598
9;0.25;;(10, 2);;(9, 3);1;1599
9;0.25;;(10, 2);;(9, 3);1;1600
9;0.25;;(10, 2);;(9, 3);1;1601
9;0.25;;(10, 2);;(9, 3);1;1602
9;0.25;;(10, 2);;(9, 3);1;1603
9;0.25;;(10, 2);;(9, 3);1;1604
9;0.25;;(10, 2);;(9, 3);1;1605
9;0.25;;(10, 2);;(9, 3);1;1606
9;0.25;;(10, 2);;(9, 3);1;1607
9;0.25;;(10, 2);;(9, 3);1;1608
9;0.25;;(10, 2);;(9, 3);1;1609
9;0.25;;(10, 2);;(9, 3);1;1610
9;0.25;;(10, 2);;(9, 3);1;1611
9;0.25;;(10, 2);;(9, 3);1;1612
9;0.25;;(10, 2);;(9, 3);1;1613
9;0.25;;(10, 2);;(9, 3);1;1614
9;0.25;;(10, 2);;(9, 3);1;1615
9;0.25;;(10, 2);;(9, 3);1;1616
9;0.25;;(10, 2);;(9, 3);1;1617
9;0.25;;(10, 2);;(9, 3);1;1618
9;0.25;;(10, 2);;(9, 3);1;1619
9;0.25;;(10, 2);;(9, 3);1;1620
9;0.25;;(10, 2);;(9, 3);1;1621
9;0.25;;(10, 2);;(9, 3);1;1622
9;0.25;;(10, 2);;(9, 3);1;1623
9;0.25;;(10, 2);;(9, 3);1;1624
9;0.25;;(10, 2);;(9, 3);1;1625
9;0.25;;(10, 2);;(9, 3);1;1626
9;0.25;;(10, 2);;(9, 3);1;1627
9;0.25;;(10, 2);;(9, 3);1;1628
9;0.25;;(10, 2);;(9, 3);1;1629
9;0.25;;(10, 2);;(9, 3);1;1630
9;0.25;;(10, 2);;(9, 3);1;1631
9;0.25;;(10, 2);;(9, 3);1;1632
9;0.25;;(10, 2);;(9, 3);1;1633
9;0.25;;(10, 2);;(9, 3);1;1634
9;0.25;;(10, 2);;(9, 3);1;1635
9;0.25;;(10, 2);;(9, 3);1;1636
9;0.25;;(10, 2);;(9, 3);1;1637
9;0.25;;(10, 2);;(9, 3);1;1638
9;0.25;;(10, 2);;(9, 3);1;1639
9;0.25;;(10, 2);;(9, 3);1;1640
9;0.25;;(10, 2);;(9, 3);1;1641
9;0.25;;(10, 2);;(9, 3);1;1642
9;0.25;;(10, 2);;(9, 3);1;1643
9;0.25;;(10, 2);;(9, 3);1;1644
9;0.25;;(10, 2);;(9, 3);1;1645
9;0.25;;(10, 2);;(9, 3);1;1646
9;0.25;;(10, 2);;(9, 3);1;1647
9;0.25;;(10, 2);;(9, 3);1;1648
9;0.25;;(10, 2);;(9, 3);1;1649
9;0.25;;(10, 2);;(9, 3);1;1650
9;0.25;;(10, 2);;(9, 3);1;1651
9;0.25;;(10, 2);;(9, 3);1;1652
9;0.25;;(10, 2);;(9, 3);1;1653
9;0.25;;(10, 2);;(9, 3);1;1654
9;0.25;;(10, 2);;(9, 3);1;1655
9;0.25;;(10, 2);;(9, 3);1;1656
9;0.25;;(10, 2);;(9, 3);1;1657
9;0.25;;(10, 2);MoveEast;(10, 3);1;1658
9;0.25;;(10, 2);;(10, 3);1;1659
9;0.25;;(10, 2);;(10, 3);1;1660
9;0.25;;(10, 2);;(10, 3);1;1661
9;0.25;;(10, 2);;(10, 3);1;1662
9;0.25;;(10, 2);;(10, 3);1;1663
9;0.25;;(10, 2);;(10, 3);1;1664
9;0.25;;(10, 2);;(10, 3);1;1665
9;0.25;;(10, 2);;(10, 3);1;1666
9;0.25;;(10, 2);;(10, 3);1;1667
9;0.25;;(10, 2);;(10, 3);1;1668
9;0.25;;(10, 2);;(10, 3);1;1669
9;0.25;;(10, 2);;(10, 3);1;1670
9;0.25;;(10, 2);;(10, 3);1;1671
9;0.25;;(10, 2);;(10, 3);1;1672
9;0.25;;(10, 2);;(10, 3);1;1673
9;0.25;;(10, 2);;(10, 3);1;1674
9;0.25;;(10, 2);;(10, 3);1;1675
9;0.25;;(10, 2);;(10, 3);1;1676
9;0.25;;(10, 2);;(10, 3);1;1677
9;0.25;;(10, 2);;(10, 3);1;1678
9;0.25;;(10, 2);;(10, 3);1;1679
9;0.25;;(10, 2);;(10, 3);1;1680
9;0.25;;(10, 2);;(10, 3);1;1681
9;0.25;;(10, 2);;(10, 3);1;1682
9;0.25;;(10, 2);;(10, 3);1;1683
9;0.25;;(10, 2);;(10, 3);1;1684
9;0.25;;(10, 2);;(10, 3);1;1685
9;0.25;;(10, 2);;(10, 3);1;1686
9;0.25;;(10, 2);;(10, 3);1;1687
9;0.25;;(10, 2);;(10, 3);1;1688
9;0.25;;(10, 2);;(10, 3);1;1689
9;0.25;;(10, 2);;(10, 3);1;1690
9;0.25;;(10, 2);;(10, 3);1;1691
9;0.25;;(10, 2);;(10, 3);1;1692
9;0.25;;(10, 2);;(10, 3);1;1693
9;0.25;;(10, 2);;(10, 3);1;1694
9;0.25;;(10, 2);;(10, 3);1;1695
9;0.25;;(10, 2);;(10, 3);1;1696
9;0.25;;(10, 2);;(10, 3);1;1697
9;0.25;Idle;(10, 2);;(10, 3);1;1698
9;0.25;Idle;(10, 2);;(10, 3);1;1699
9;0.25;Idle;(10, 2);;(10, 3);1;1700
9;0.25;Idle;(10, 2);;(10, 3);1;1701
9;0.25;Idle;(10, 2);;(10, 3);1;1702
9;0.25;Idle;(10, 2);;(10, 3);1;1703
9;0.25;Idle;(10, 2);;(10, 3);1;1704
9;0.25;Idle;(10, 2);;(10, 3);1;1705
9;0.25;Idle;(10, 2);;(10, 3);1;1706
9;0.25;Idle;(10, 2);;(10, 3);1;1707
9;0.25;Idle;(10, 2);;(10, 3);1;1708
9;0.25;Idle;(10, 2);;(10, 3);1;1709
9;0.25;Idle;(10, 2);;(10, 3);1;1710
9;0.25;Idle;(10, 2);;(10, 3);1;1711
9;0.25;Idle;(10, 2);;(10, 3);1;1712
9;0.25;Idle;(10, 2);;(10, 3);1;1713
9;0.25;Idle;(10, 2);;(10, 3);1;1714
9;0.25;Idle;(10, 2);;(10, 3);1;1715
9;0.25;Idle;(10, 2);;(10, 3);1;1716
9;0.25;Idle;(10, 2);;(10, 3);1;1717
9;0.25;Idle;(10, 2);;(10, 3);1;1718
9;0.25;Idle;(10, 2);;(10, 3);1;1719
9;0.25;Idle;(10, 2);;(10, 3);1;1720
9;0.25;Idle;(10, 2);;(10, 3);1;1721
9;0.25;Idle;(10, 2);;(10, 3);1;1722
9;0.25;Idle;(10, 2);;(10, 3);1;1723
9;0.25;MoveSouth;(10, 2);;(10, 3);1;1724
9;0.25;MoveSouth;(10, 2);;(10, 3);1;1725
9;0.25;MoveSouth;(10, 2);;(10, 3);1;1726
9;0.25;MoveSouth;(10, 2);;(10, 3);1;1727
9;0.25;MoveSouth;(10, 2);;(10, 3);1;1728
9;0.25;MoveSouth;(10, 2);;(10, 3);1;1729
9;0.25;MoveSouth;(10, 2);;(10, 3);1;1730
9;0.25;MoveSouth;(10, 2);;(10, 3);1;1731
9;0.25;MoveSouth;(10, 3);;(10, 3);1;1732
9;0.25;;(10, 3);;(10, 3);1;1733
9;0.25;;(10, 3);;(10, 3);1;1734
9;0.25;;(10, 3);;(10, 3);1;1735
9;0.25;;(10, 3);;(10, 3);1;1736
9;0.25;;(10, 3);;(10, 3);1;1737
9;0.25;;(10, 3);;(10, 3);1;1738
9;0.25;;(10, 3);;(10, 3);1;1739
9;0.25;;(10, 3);;(10, 3);1;1740
9;0.25;;(10, 3);;(10, 3);1;1741
9;0.25;;(10, 3);;(10, 3);1;1742
9;0.25;;(10, 3);;(10, 3);1;1743
9;0.25;;(10, 3);;(10, 3);1;1744
9;0.25;;(10, 3);;(10, 3);1;1745
9;0.25;;(10, 3);;(10, 3);1;1746
9;0.25;;(10, 3);;(10, 3);1;1747
9;0.25;;(10, 3);;(10, 3);1;1748
9;0.25;;(10, 3);CarryObjectTogether;(10, 3);1;1749
9;0.25;;(10, 3);;(10, 3);1;1750
9;0.25;;(10, 3);;(10, 3);1;1751
9;0.25;;(10, 3);;(10, 3);1;1752
9;0.25;;(10, 3);;(10, 3);1;1753
9;0.25;;(10, 3);MoveWest;(9, 3);1;1754
9;0.25;;(10, 3);;(9, 3);1;1755
9;0.25;;(10, 3);;(9, 3);1;1756
9;0.25;;(10, 3);MoveSouth;(9, 4);1;1757
9;0.25;;(10, 3);;(9, 4);1;1758
9;0.25;;(10, 3);;(9, 4);1;1759
9;0.25;;(10, 3);MoveSouth;(9, 5);1;1760
9;0.25;;(10, 3);;(9, 5);1;1761
9;0.25;;(10, 3);MoveSouth;(9, 6);1;1762
9;0.25;;(10, 3);MoveSouth;(9, 7);1;1763
9;0.25;;(10, 3);MoveSouth;(9, 8);1;1764
9;0.25;;(10, 3);;(9, 8);1;1765
9;0.25;;(10, 3);;(9, 8);1;1766
9;0.25;;(10, 3);MoveEast;(10, 8);1;1767
9;0.25;;(10, 3);;(10, 8);1;1768
9;0.25;;(10, 3);MoveEast;(10, 8);1;1769
9;0.25;;(10, 3);;(10, 8);1;1770
9;0.25;;(10, 3);;(10, 8);1;1771
9;0.25;;(10, 3);MoveNorth;(10, 8);1;1772
9;0.25;;(10, 3);;(10, 8);1;1773
9;0.25;;(10, 3);MoveWest;(9, 8);1;1774
9;0.25;;(10, 3);;(9, 8);1;1775
9;0.25;;(10, 3);;(9, 8);1;1776
9;0.25;;(10, 3);;(9, 8);1;1777
9;0.25;;(10, 3);MoveNorth;(9, 7);1;1778
9;0.25;;(10, 3);;(9, 7);1;1779
9;0.25;;(10, 3);MoveNorth;(9, 6);1;1780
9;0.25;;(10, 3);MoveNorth;(9, 5);1;1781
9;0.25;;(10, 3);;(9, 5);1;1782
9;0.25;;(10, 3);;(9, 5);1;1783
9;0.25;;(10, 3);;(9, 5);1;1784
9;0.25;;(10, 3);;(9, 5);1;1785
9;0.25;;(10, 3);;(9, 5);1;1786
9;0.25;;(10, 3);;(9, 5);1;1787
9;0.25;;(10, 3);MoveEast;(10, 5);1;1788
9;0.25;;(10, 3);;(10, 5);1;1789
9;0.25;;(10, 3);MoveEast;(10, 5);1;1790
9;0.25;;(10, 3);MoveEast;(10, 5);1;1791
9;0.25;;(10, 3);MoveEast;(10, 5);1;1792
9;0.25;;(10, 3);MoveEast;(10, 5);1;1793
9;0.25;;(10, 3);MoveEast;(10, 5);1;1794
9;0.25;;(10, 3);MoveEast;(11, 5);1;1795
9;0.25;;(10, 3);MoveEast;(12, 5);1;1796
9;0.25;;(10, 3);MoveEast;(13, 5);1;1797
9;0.25;;(10, 3);;(13, 5);1;1798
9;0.25;;(10, 3);MoveEast;(14, 5);1;1799
9;0.25;;(10, 3);;(14, 5);1;1800
9;0.25;;(10, 3);MoveEast;(15, 5);1;1801
9;0.25;;(10, 3);;(15, 5);1;1802
9;0.25;;(10, 3);MoveEast;(16, 5);1;1803
9;0.25;;(10, 3);;(16, 5);1;1804
9;0.25;;(10, 3);MoveEast;(17, 5);1;1805
9;0.25;;(10, 3);;(17, 5);1;1806
9;0.25;;(10, 3);MoveEast;(18, 5);1;1807
9;0.25;;(10, 3);MoveEast;(19, 5);1;1808
9;0.25;;(10, 3);MoveEast;(19, 5);1;1809
9;0.25;;(10, 3);MoveEast;(19, 5);1;1810
9;0.25;;(10, 3);MoveEast;(19, 5);1;1811
9;0.25;;(10, 3);MoveEast;(19, 5);1;1812
9;0.25;;(10, 3);MoveEast;(19, 5);1;1813
9;0.25;;(10, 3);MoveEast;(20, 5);1;1814
9;0.25;;(10, 3);MoveEast;(20, 5);1;1815
9;0.25;;(10, 3);MoveEast;(20, 5);1;1816
9;0.25;;(10, 3);MoveEast;(20, 5);1;1817
9;0.25;;(10, 3);MoveEast;(20, 5);1;1818
9;0.25;;(10, 3);MoveEast;(20, 5);1;1819
9;0.25;;(10, 3);MoveEast;(21, 5);1;1820
9;0.25;;(10, 3);MoveEast;(22, 5);1;1821
9;0.25;;(10, 3);;(22, 5);1;1822
9;0.25;;(10, 3);;(22, 5);1;1823
9;0.25;;(10, 3);;(22, 5);1;1824
9;0.25;;(10, 3);;(22, 5);1;1825
9;0.25;;(10, 3);;(22, 5);1;1826
9;0.25;;(10, 3);;(22, 5);1;1827
9;0.25;;(10, 3);MoveSouth;(22, 5);1;1828
9;0.25;;(10, 3);MoveSouth;(22, 5);1;1829
9;0.25;;(10, 3);MoveSouth;(22, 5);1;1830
9;0.25;;(10, 3);MoveSouth;(22, 5);1;1831
9;0.25;;(10, 3);MoveSouth;(22, 5);1;1832
9;0.25;;(10, 3);MoveSouth;(22, 6);1;1833
9;0.25;;(10, 3);MoveSouth;(22, 7);1;1834
9;0.25;;(10, 3);MoveSouth;(22, 8);1;1835
9;0.25;;(10, 3);;(22, 8);1;1836
9;0.25;;(10, 3);MoveSouth;(22, 9);1;1837
9;0.25;;(10, 3);;(22, 9);1;1838
9;0.25;;(10, 3);;(22, 9);1;1839
9;0.25;;(10, 3);;(22, 9);1;1840
9;0.25;;(10, 3);;(22, 9);1;1841
9;0.25;;(10, 3);;(22, 9);1;1842
9;0.25;;(10, 3);;(22, 9);1;1843
9;0.25;;(10, 3);;(22, 9);1;1844
9;0.25;;(10, 3);;(22, 9);1;1845
9;0.25;;(10, 3);;(22, 9);1;1846
9;0.25;;(10, 3);;(22, 9);1;1847
9;0.25;;(10, 3);;(22, 9);1;1848
9;0.25;;(10, 3);;(22, 9);1;1849
9;0.25;;(10, 3);;(22, 9);1;1850
9;0.25;;(10, 3);MoveEast;(23, 9);1;1851
9;0.25;;(10, 3);;(23, 9);1;1852
9;0.25;;(10, 3);;(23, 9);1;1853
9;0.25;;(10, 3);;(23, 9);1;1854
9;0.25;;(10, 3);;(23, 9);1;1855
9;0.25;;(10, 3);;(23, 9);1;1856
9;0.25;;(10, 3);MoveNorth;(23, 8);1;1857
9;0.25;;(10, 3);;(23, 8);1;1858
9;0.25;;(10, 3);;(23, 8);1;1859
9;0.25;;(10, 3);;(23, 8);1;1860
9;0.25;;(10, 3);;(23, 8);1;1861
9;0.25;;(10, 3);;(23, 8);1;1862
9;0.25;;(10, 3);;(23, 8);1;1863
9;0.25;;(10, 3);;(23, 8);1;1864
9;0.25;;(10, 3);;(23, 8);1;1865
9;0.25;;(10, 3);;(23, 8);1;1866
9;0.25;;(10, 3);;(23, 8);1;1867
9;0.25;;(10, 3);MoveSouth;(23, 9);1;1868
9;0.25;;(10, 3);;(23, 9);1;1869
9;0.25;;(10, 3);;(23, 9);1;1870
9;0.25;;(10, 3);MoveSouth;(23, 10);1;1871
9;0.25;;(10, 3);;(23, 10);1;1872
9;0.25;;(10, 3);;(23, 10);1;1873
9;0.25;;(10, 3);;(23, 10);1;1874
9;0.25;;(10, 3);MoveNorth;(23, 9);1;1875
9;0.25;;(10, 3);;(23, 9);1;1876
9;0.25;;(10, 3);;(23, 9);1;1877
9;0.25;;(10, 3);MoveNorth;(23, 8);1;1878
9;0.25;;(10, 3);;(23, 8);1;1879
9;0.25;;(10, 3);;(23, 8);1;1880
9;0.25;;(10, 3);;(23, 8);1;1881
9;0.25;;(10, 3);;(23, 8);1;1882
9;0.25;;(10, 3);;(23, 8);1;1883
9;0.25;;(10, 3);;(23, 8);1;1884
9;0.25;;(10, 3);;(23, 8);1;1885
9;0.25;;(10, 3);;(23, 8);1;1886
9;0.25;;(10, 3);;(23, 8);1;1887
9;0.25;;(10, 3);;(23, 8);1;1888
9;0.25;;(10, 3);;(23, 8);1;1889
9;0.25;;(10, 3);;(23, 8);1;1890
9;0.25;;(10, 3);;(23, 8);1;1891
9;0.25;;(10, 3);;(23, 8);1;1892
9;0.25;;(10, 3);;(23, 8);1;1893
9;0.25;;(10, 3);;(23, 8);1;1894
9;0.25;;(10, 3);;(23, 8);1;1895
9;0.25;;(10, 3);;(23, 8);1;1896
9;0.25;;(10, 3);;(23, 8);1;1897
9;0.25;;(10, 3);;(23, 8);1;1898
15;0.375;;(23, 8);DropObjectTogether;(23, 8);1;1899
15;0.375;MoveWest;(23, 8);;(23, 8);1;1900
15;0.375;MoveWest;(23, 8);;(23, 8);1;1901
15;0.375;MoveWest;(23, 8);;(23, 8);1;1902
15;0.375;MoveWest;(23, 8);;(23, 8);1;1903
15;0.375;MoveWest;(23, 8);;(23, 8);1;1904
15;0.375;MoveWest;(23, 8);MoveWest;(22, 8);1;1905
15;0.375;MoveWest;(23, 8);;(22, 8);1;1906
15;0.375;MoveWest;(23, 8);;(22, 8);1;1907
15;0.375;MoveWest;(22, 8);;(22, 8);1;1908
15;0.375;MoveWest;(22, 8);;(22, 8);1;1909
15;0.375;MoveWest;(22, 8);;(22, 8);1;1910
15;0.375;MoveWest;(22, 8);;(22, 8);1;1911
15;0.375;MoveWest;(22, 8);;(22, 8);1;1912
15;0.375;MoveWest;(22, 8);MoveSouth;(22, 9);1;1913
15;0.375;MoveWest;(22, 8);;(22, 9);1;1914
15;0.375;MoveWest;(22, 8);;(22, 9);1;1915
15;0.375;MoveWest;(22, 8);;(22, 9);1;1916
15;0.375;MoveWest;(21, 8);;(22, 9);1;1917
15;0.375;MoveWest;(21, 8);MoveSouth;(22, 10);1;1918
15;0.375;MoveWest;(21, 8);;(22, 10);1;1919
15;0.375;MoveWest;(21, 8);;(22, 10);1;1920
15;0.375;MoveWest;(21, 8);;(22, 10);1;1921
15;0.375;MoveWest;(21, 8);;(22, 10);1;1922
15;0.375;MoveWest;(21, 8);;(22, 10);1;1923
15;0.375;MoveWest;(21, 8);;(22, 10);1;1924
15;0.375;MoveWest;(21, 8);MoveSouth;(22, 11);1;1925
15;0.375;MoveWest;(20, 8);;(22, 11);1;1926
15;0.375;MoveWest;(20, 8);;(22, 11);1;1927
15;0.375;MoveWest;(20, 8);;(22, 11);1;1928
15;0.375;MoveWest;(20, 8);;(22, 11);1;1929
15;0.375;MoveWest;(20, 8);;(22, 11);1;1930
15;0.375;MoveWest;(20, 8);MoveWest;(21, 11);1;1931
15;0.375;MoveWest;(20, 8);;(21, 11);1;1932
15;0.375;MoveWest;(20, 8);;(21, 11);1;1933
15;0.375;MoveWest;(20, 8);;(21, 11);1;1934
15;0.375;MoveWest;(19, 8);;(21, 11);1;1935
15;0.375;MoveNorthWest;(19, 8);;(21, 11);1;1936
15;0.375;MoveNorthWest;(19, 8);;(21, 11);1;1937
15;0.375;MoveNorthWest;(19, 8);;(21, 11);1;1938
15;0.375;MoveNorthWest;(19, 8);;(21, 11);1;1939
15;0.375;MoveNorthWest;(19, 8);;(21, 11);1;1940
15;0.375;MoveNorthWest;(19, 8);;(21, 11);1;1941
15;0.375;MoveNorthWest;(19, 8);;(21, 11);1;1942
15;0.375;MoveNorthWest;(19, 8);;(21, 11);1;1943
15;0.375;MoveNorthWest;(19, 8);;(21, 11);1;1944
15;0.375;MoveNorthWest;(19, 8);;(21, 11);1;1945
15;0.375;MoveNorthWest;(19, 8);;(21, 11);1;1946
15;0.375;MoveNorthWest;(19, 8);;(21, 11);1;1947
15;0.375;MoveNorthWest;(19, 8);;(21, 11);1;1948
15;0.375;MoveNorthWest;(18, 7);;(21, 11);1;1949
15;0.375;MoveNorthWest;(18, 7);;(21, 11);1;1950
15;0.375;MoveNorthWest;(18, 7);;(21, 11);1;1951
15;0.375;MoveNorthWest;(18, 7);;(21, 11);1;1952
15;0.375;MoveNorthWest;(18, 7);;(21, 11);1;1953
15;0.375;MoveNorthWest;(18, 7);;(21, 11);1;1954
15;0.375;MoveNorthWest;(18, 7);;(21, 11);1;1955
15;0.375;MoveNorthWest;(18, 7);;(21, 11);1;1956
15;0.375;MoveNorthWest;(18, 7);;(21, 11);1;1957
15;0.375;MoveNorthWest;(17, 6);;(21, 11);1;1958
15;0.375;MoveWest;(17, 6);;(21, 11);1;1959
15;0.375;MoveWest;(17, 6);;(21, 11);1;1960
15;0.375;MoveWest;(17, 6);;(21, 11);1;1961
15;0.375;MoveWest;(17, 6);;(21, 11);1;1962
15;0.375;MoveWest;(17, 6);;(21, 11);1;1963
15;0.375;MoveWest;(17, 6);;(21, 11);1;1964
15;0.375;MoveWest;(17, 6);;(21, 11);1;1965
15;0.375;MoveWest;(17, 6);;(21, 11);1;1966
15;0.375;MoveWest;(16, 6);;(21, 11);1;1967
15;0.375;MoveWest;(16, 6);;(21, 11);1;1968
15;0.375;MoveWest;(16, 6);;(21, 11);1;1969
15;0.375;MoveWest;(16, 6);;(21, 11);1;1970
15;0.375;MoveWest;(16, 6);;(21, 11);1;1971
15;0.375;MoveWest;(16, 6);;(21, 11);1;1972
15;0.375;MoveWest;(16, 6);;(21, 11);1;1973
15;0.375;MoveWest;(16, 6);;(21, 11);1;1974
15;0.375;MoveWest;(16, 6);;(21, 11);1;1975
15;0.375;MoveWest;(15, 6);;(21, 11);1;1976
15;0.375;MoveWest;(15, 6);;(21, 11);1;1977
15;0.375;MoveWest;(15, 6);;(21, 11);1;1978
15;0.375;MoveWest;(15, 6);;(21, 11);1;1979
15;0.375;MoveWest;(15, 6);;(21, 11);1;1980
15;0.375;MoveWest;(15, 6);;(21, 11);1;1981
15;0.375;MoveWest;(15, 6);;(21, 11);1;1982
15;0.375;MoveWest;(15, 6);;(21, 11);1;1983
15;0.375;MoveWest;(15, 6);;(21, 11);1;1984
15;0.375;MoveWest;(14, 6);;(21, 11);1;1985
15;0.375;MoveWest;(14, 6);;(21, 11);1;1986
15;0.375;MoveWest;(14, 6);;(21, 11);1;1987
15;0.375;MoveWest;(14, 6);;(21, 11);1;1988
15;0.375;MoveWest;(14, 6);;(21, 11);1;1989
15;0.375;MoveWest;(14, 6);;(21, 11);1;1990
15;0.375;MoveWest;(14, 6);;(21, 11);1;1991
15;0.375;MoveWest;(14, 6);;(21, 11);1;1992
15;0.375;MoveWest;(14, 6);;(21, 11);1;1993
15;0.375;MoveWest;(13, 6);;(21, 11);1;1994
15;0.375;MoveWest;(13, 6);;(21, 11);1;1995
15;0.375;MoveWest;(13, 6);;(21, 11);1;1996
15;0.375;MoveWest;(13, 6);;(21, 11);1;1997
15;0.375;MoveWest;(13, 6);;(21, 11);1;1998
15;0.375;MoveWest;(13, 6);;(21, 11);1;1999
15;0.375;MoveWest;(13, 6);;(21, 11);1;2000
15;0.375;MoveWest;(13, 6);;(21, 11);1;2001
15;0.375;MoveWest;(13, 6);;(21, 11);1;2002
15;0.375;MoveWest;(12, 6);;(21, 11);1;2003
15;0.375;MoveWest;(12, 6);;(21, 11);1;2004
15;0.375;MoveWest;(12, 6);;(21, 11);1;2005
15;0.375;MoveWest;(12, 6);;(21, 11);1;2006
15;0.375;MoveWest;(12, 6);;(21, 11);1;2007
15;0.375;MoveWest;(12, 6);;(21, 11);1;2008
15;0.375;MoveWest;(12, 6);;(21, 11);1;2009
15;0.375;MoveWest;(12, 6);;(21, 11);1;2010
15;0.375;MoveWest;(12, 6);;(21, 11);1;2011
15;0.375;MoveWest;(12, 6);;(21, 11);1;2012
15;0.375;MoveWest;(12, 6);;(21, 11);1;2013
15;0.375;MoveWest;(12, 6);;(21, 11);1;2014
15;0.375;MoveWest;(12, 6);;(21, 11);1;2015
15;0.375;MoveWest;(12, 6);;(21, 11);1;2016
15;0.375;MoveWest;(11, 6);;(21, 11);1;2017
15;0.375;MoveWest;(11, 6);;(21, 11);1;2018
15;0.375;MoveWest;(11, 6);;(21, 11);1;2019
15;0.375;MoveWest;(11, 6);;(21, 11);1;2020
15;0.375;MoveWest;(11, 6);;(21, 11);1;2021
15;0.375;MoveWest;(11, 6);;(21, 11);1;2022
15;0.375;MoveWest;(11, 6);;(21, 11);1;2023
15;0.375;MoveWest;(11, 6);;(21, 11);1;2024
15;0.375;MoveWest;(11, 6);;(21, 11);1;2025
15;0.375;MoveWest;(11, 6);;(21, 11);1;2026
15;0.375;MoveWest;(11, 6);;(21, 11);1;2027
15;0.375;MoveWest;(11, 6);;(21, 11);1;2028
15;0.375;MoveWest;(11, 6);;(21, 11);1;2029
15;0.375;MoveWest;(11, 6);;(21, 11);1;2030
15;0.375;MoveWest;(10, 6);;(21, 11);1;2031
15;0.375;MoveWest;(10, 6);;(21, 11);1;2032
15;0.375;MoveWest;(10, 6);;(21, 11);1;2033
15;0.375;MoveWest;(10, 6);;(21, 11);1;2034
15;0.375;MoveWest;(10, 6);;(21, 11);1;2035
15;0.375;MoveWest;(10, 6);;(21, 11);1;2036
15;0.375;MoveWest;(10, 6);;(21, 11);1;2037
15;0.375;MoveWest;(10, 6);;(21, 11);1;2038
15;0.375;MoveWest;(10, 6);;(21, 11);1;2039
15;0.375;MoveWest;(10, 6);;(21, 11);1;2040
15;0.375;MoveWest;(10, 6);;(21, 11);1;2041
15;0.375;MoveWest;(10, 6);;(21, 11);1;2042
15;0.375;MoveWest;(10, 6);;(21, 11);1;2043
15;0.375;MoveWest;(10, 6);;(21, 11);1;2044
15;0.375;MoveWest;(9, 6);;(21, 11);1;2045
15;0.375;MoveWest;(9, 6);;(21, 11);1;2046
15;0.375;MoveWest;(9, 6);;(21, 11);1;2047
15;0.375;MoveWest;(9, 6);;(21, 11);1;2048
15;0.375;MoveWest;(9, 6);;(21, 11);1;2049
15;0.375;MoveWest;(9, 6);;(21, 11);1;2050
15;0.375;MoveWest;(9, 6);;(21, 11);1;2051
15;0.375;MoveWest;(9, 6);;(21, 11);1;2052
15;0.375;MoveWest;(9, 6);;(21, 11);1;2053
15;0.375;MoveWest;(8, 6);;(21, 11);1;2054
15;0.375;MoveWest;(8, 6);;(21, 11);1;2055
15;0.375;MoveWest;(8, 6);;(21, 11);1;2056
15;0.375;MoveWest;(8, 6);;(21, 11);1;2057
15;0.375;MoveWest;(8, 6);;(21, 11);1;2058
15;0.375;MoveWest;(8, 6);;(21, 11);1;2059
15;0.375;MoveWest;(8, 6);;(21, 11);1;2060
15;0.375;MoveWest;(8, 6);;(21, 11);1;2061
15;0.375;MoveWest;(8, 6);;(21, 11);1;2062
15;0.375;MoveWest;(7, 6);;(21, 11);1;2063
15;0.375;MoveWest;(7, 6);;(21, 11);1;2064
15;0.375;MoveWest;(7, 6);;(21, 11);1;2065
15;0.375;MoveWest;(7, 6);;(21, 11);1;2066
15;0.375;MoveWest;(7, 6);;(21, 11);1;2067
15;0.375;MoveWest;(7, 6);;(21, 11);1;2068
15;0.375;MoveWest;(7, 6);;(21, 11);1;2069
15;0.375;MoveWest;(7, 6);;(21, 11);1;2070
15;0.375;MoveWest;(7, 6);;(21, 11);1;2071
15;0.375;MoveWest;(6, 6);;(21, 11);1;2072
15;0.375;MoveWest;(6, 6);;(21, 11);1;2073
15;0.375;MoveWest;(6, 6);;(21, 11);1;2074
